School Name,City,State,District Name,2010/11/Award Amount,Model Selected
HOGARTH KINGEEKUK MEMORIAL SCHOOL,SAVOONGA,AK,BERING STRAIT SCHOOL DISTRICT,471014.00,Transformation
AKIACHAK SCHOOL,AKIACHAK,AK,YUPIIT SCHOOL DISTRICT,520579.00,Transformation
GAMBELL SCHOOL,GAMBELL,AK,BERING STRAIT SCHOOL DISTRICT,449592.00,Transformation
BURCHELL HIGH SCHOOL,WASILLA,AK,MATANUSKA-SUSITNA BOROUGH SCHOOL DISTRICT,641184.00,Transformation
AKIAK SCHOOL,AKIAK,AK,YUPIIT SCHOOL DISTRICT,399686.00,Transformation
MIDVALLEY HIGH,WASILLA,AK,MATANUSKA-SUSITNA BOROUGH SCHOOL DISTRICT,697703.00,Restart
TULUKSAK SCHOOL,TULUKSAK,AK,YUPIIT SCHOOL DISTRICT,427658.00,Transformation
CAPITOL HEIGHTS JR HIGH SCH,MONTGOMERY,AL,MONTGOMERY COUNTY,110544.00,Transformation
LOWNDES CO MIDDLE SCH,FORT DEPOSIT,AL,LOWNDES COUNTY,12973.00,Transformation
CENTRAL MIDDLE SCH,ROCKFORD,AL,COOSA COUNTY,199828.00,Transformation
BELLINGRATH JR HIGH SCH,MONTGOMERY,AL,MONTGOMERY COUNTY,165903.00,Transformation
HAYNEVILLE MIDDLE SCH,HAYNEVILLE,AL,LOWNDES COUNTY,121657.00,Transformation
SOUTHLAWN MIDDLE SCH,MONTGOMERY,AL,MONTGOMERY COUNTY,914557.00,Transformation
CONTINUOUS LEARNING CTR,MOBILE,AL,MOBILE COUNTY,198953.00,Transformation
JACKSON-STEELE ELEM SCH,HAYNEVILLE,AL,LOWNDES COUNTY,118394.00,Transformation
MCINTYRE MIDDLE SCH,MONTGOMERY,AL,MONTGOMERY COUNTY,143238.00,Transformation
JOHN ESSEX HIGH SCH,DEMOPOLIS,AL,MARENGO COUNTY,151116.00,Transformation
CALHOUN HIGH SCH,LETOHATCHEE,AL,LOWNDES COUNTY,163619.00,Transformation
OSCEOLA MIDDLE SCHOOL,OSCEOLA,AR,OSCEOLA SCHOOL DISTRICT,665000.00,Transformation
HALL HIGH SCHOOL,LITTLE ROCK,AR,LITTLE ROCK SCHOOL DISTRICT,198728.00,Transformation
ROSE CITY MIDDLE SCHOOL,NORTH LITTLE ROCK,AR,N. LITTLE ROCK SCHOOL DISTRICT,991451.00,Transformation
TRUSTY ELEMENTARY SCHOOL,FORT SMITH,AR,FORT SMITH SCHOOL DISTRICT,990135.00,Transformation
J.A. FAIR HIGH SCHOOL,LITTLE ROCK,AR,LITTLE ROCK SCHOOL DISTRICT,197012.00,Transformation
OSCEOLA HIGH SCHOOL,OSCEOLA,AR,OSCEOLA SCHOOL DISTRICT,695000.00,Transformation
CLOVERDALE MIDDLE SCHOOL,LITTLE ROCK,AR,LITTLE ROCK SCHOOL DISTRICT,198783.00,Transformation
GADSDEN ELEMENTARY SCHOOL,GADSDEN,AZ,GADSDEN ELEMENTARY DISTRICT,847003.00,Transformation
EAST VALLEY HIGH SCHOOL,MESA,AZ,LEGACY EDUCATION GROUP,381512.00,Turnaround
CRITTENTON YOUTH ACADEMY,PHOENIX,AZ,FLORENCE CRITTENTON SERVICES OF ARIZONA  INC.,915959.00,Turnaround
ALCHESAY HIGH SCHOOL,WHITERIVER,AZ,WHITERIVER UNIFIED DISTRICT,812195.00,Transformation
SAN CARLOS HIGH SCHOOL,SAN CARLOS,AZ,SAN CARLOS UNIFIED DISTRICT,928654.00,Transformation
PIMA PARTNERSHIP SCHOOL  THE,TUCSON,AZ,PIMA PREVENTION PARTNERSHIP DBA PIMA PARTNERSHIP SCHOOL  THE,818238.00,Turnaround
LA PUERTA HIGH SCHOOL,PHOENIX,AZ,OMEGA SCHOOLS D.B.A. OMEGA ACADEMY  INC.,634503.00,Turnaround
PROJECT MORE HIGH SCHOOL,TUCSON,AZ,TUCSON UNIFIED DISTRICT,836556.00,Transformation
PEACH SPRINGS SCHOOL,PEACH SPRINGS,AZ,PEACH SPRINGS UNIFIED DISTRICT,880050.00,Transformation
WHITE CONE HIGH SCHOOL,WHITE CONE,AZ,CEDAR UNIFIED DISTRICT,728696.00,Transformation
JAMES SANDOVAL PREPARATORY HIGH SCHOOL,PHOENIX,AZ,JAMES SANDOVAL PREPARATORY HIGH SCHOOL,696668.00,Transformation
SEVEN MILE SCHOOL,WHITERIVER,AZ,WHITERIVER UNIFIED DISTRICT,826589.00,Transformation
Rice Elementary School,San Carlos,AZ,San Carlos Unified District,204246.00,Transformation
HOWENSTINE HIGH SCHOOL,TUCSON,AZ,TUCSON UNIFIED DISTRICT,760314.00,Transformation
BABOQUIVARI HIGH SCHOOL,SELLS,AZ,INDIAN OASIS-BABOQUIVARI UNIFIED DISTRICT,558022.00,Turnaround
IMAGINE ELEMENTARY AT CAMELBACK,PHOENIX,AZ,IMAGINE CHARTER ELEMENTARY AT CAMELBACK  INC.,696520.00,Turnaround
MT TIPTON ELEMENTARY SCHOOL,DOLAN SPRINGS,AZ,KINGMAN UNIFIED SCHOOL DISTRICT,565322.00,Transformation
CANYON DAY JUNIOR HIGH SCHOOL,WHITERIVER,AZ,WHITERIVER UNIFIED DISTRICT,599344.00,Transformation
SELIGMAN HIGH SCHOOL,SELIGMAN,AZ,SELIGMAN UNIFIED DISTRICT,490954.00,Turnaround
FREMONT MIDDLE,POMONA,CA,POMONA UNIFIED,174245.00,Transformation
SIERRA INTERMEDIATE,SANTA ANA,CA,SANTA ANA UNIFIED,181152.00,Transformation
LONGWOOD ELEMENTARY,HAYWARD,CA,HAYWARD UNIFIED,162698.00,Turnaround
MCFARLAND HIGH,MCFARLAND,CA,MCFARLAND UNIFIED,997852.00,Transformation
PACIFIC HIGH,SAN BERNARDINO,CA,SAN BERNARDINO CITY UNIFIED,2.00,Transformation
GREENFIELD ELEMENTARY,GREENFIELD,CA,GREENFIELD UNION ELEMENTARY,743444.00,Transformation
TUMBLEWEED ELEMENTARY,PALMDALE,CA,PALMDALE ELEMENTARY,179933.00,Turnaround
HILLSIDE ELEMENTARY,SAN LEANDRO,CA,SAN LORENZO UNIFIED,530980.00,Transformation
FLORENCE GRIFFITH JOYNER ELEMENTARY,LOS ANGELES,CA,LOS ANGELES UNIFIED,188694.00,Restart
SAN GORGONIO HIGH,SAN BERNARDINO,CA,SAN BERNARDINO CITY UNIFIED,2.00,Transformation
FONTANA A. B. MILLER HIGH,FONTANA,CA,FONTANA UNIFIED,1795.00,Transformation
ELMHURST COMMUNITY PREP,OAKLAND,CA,OAKLAND UNIFIED,121793.00,Transformation
PAUL REVERE ELEMENTARY,SAN FRANCISCO,CA,SAN FRANCISCO UNIFIED,181577.00,Transformation
SAMUEL GOMPERS MIDDLE,LOS ANGELES,CA,LOS ANGELES UNIFIED,189201.00,Restart
DAVIDSON ELEMENTARY,SAN BERNARDINO,CA,SAN BERNARDINO CITY UNIFIED,148577.00,Transformation
PALM AVENUE ELEMENTARY,WASCO,CA,WASCO UNION ELEMENTARY,148665.00,Transformation
SHORE ACRES ELEMENTARY,BAY POINT,CA,MT. DIABLO UNIFIED,12252.00,Transformation
CESAR CHAVEZ ELEMENTARY,SAN FRANCISCO,CA,SAN FRANCISCO UNIFIED,175737.00,Transformation
BUTTONWILLOW ELEMENTARY,BUTTONWILLOW,CA,BUTTONWILLOW UNION ELEMENTARY,559268.00,Transformation
EDISON-RONALD MCNAIR INTERMEDIATE,EAST PALO ALTO,CA,RAVENSWOOD CITY ELEMENTARY,135806.00,Turnaround
CENTURY HIGH,SANTA ANA,CA,SANTA ANA UNIFIED,197223.00,Transformation
LAKESIDE ELEMENTARY,HANFORD,CA,LAKESIDE UNION ELEMENTARY,913211.00,Transformation
KING/CHAVEZ ARTS ACADEMY,SAN DIEGO,CA,SAN DIEGO UNIFIED,102906.00,Transformation
PHARIS F. FEDDE MIDDLE,HAWAIIAN GARDENS,CA,ABC UNIFIED,1177.00,Transformation
SEASIDE HIGH,SEASIDE,CA,MONTEREY PENINSULA UNIFIED,159471.00,Turnaround
ELLA ELEMENTARY,OLIVEHURST,CA,MARYSVILLE JOINT UNIFIED,180738.00,Turnaround
WILSON ELEMENTARY,SAN BERNARDINO,CA,SAN BERNARDINO CITY UNIFIED,925749.00,Turnaround
YOSEMITE MIDDLE,FRESNO,CA,FRESNO UNIFIED,173752.00,Turnaround
T. S. MACQUIDDY ELEMENTARY,WATSONVILLE,CA,PAJARO VALLEY UNIFIED,577030.00,Transformation
ENCINA PREPARATORY HIGH,SACRAMENTO,CA,SAN JUAN UNIFIED,102743.00,Turnaround
EDWIN MARKHAM MIDDLE,LOS ANGELES,CA,LOS ANGELES UNIFIED,185886.00,Restart
RIO VISTA ELEMENTARY,SAN BERNARDINO,CA,SAN BERNARDINO CITY UNIFIED,142575.00,Transformation
FELICITA ELEMENTARY,ESCONDIDO,CA,ESCONDIDO UNION,171031.00,Turnaround
UNITED FOR SUCCESS ACADEMY,OAKLAND,CA,OAKLAND UNIFIED,128129.00,Transformation
MISSION HIGH,SAN FRANCISCO,CA,SAN FRANCISCO UNIFIED,201467.00,Transformation
GARDENA SENIOR HIGH,GARDENA,CA,LOS ANGELES UNIFIED,167368.00,Transformation
BARTON ELEMENTARY,SAN BERNARDINO,CA,SAN BERNARDINO CITY UNIFIED,2.00,Turnaround
ROSE FERRERO ELEMENTARY,SOLEDAD,CA,SOLEDAD UNIFIED,157616.00,Turnaround
GEORGE WASHINGTON CARVER ELEMENTARY,SAN FRANCISCO,CA,SAN FRANCISCO UNIFIED,158151.00,Turnaround
EASTSIDE HIGH,LANCASTER,CA,ANTELOPE VALLEY UNION HIGH,1695.00,Transformation
GLENBROOK MIDDLE,CONCORD,CA,MT. DIABLO UNIFIED,584002.00,Transformation
COSTANO ELEMENTARY,EAST PALO ALTO,CA,RAVENSWOOD CITY ELEMENTARY,135806.00,Turnaround
WILLARD INTERMEDIATE,SANTA ANA,CA,SANTA ANA UNIFIED,181152.00,Transformation
PESCADERO ELEMENTARY AND MIDDLE,PESCADERO,CA,LA HONDA-PESCADERO UNIFIED,629711.00,Transformation
BURBANK ELEMENTARY,SAN DIEGO,CA,SAN DIEGO UNIFIED,116423.00,Transformation
HIGHLANDS ACADEMY OF ARTS AND DESIGN,NORTH HIGHLANDS,CA,TWIN RIVERS UNIFIED,184555.00,Transformation
MARTIN LUTHER KING,SEASIDE,CA,MONTEREY PENINSULA UNIFIED,126595.00,Turnaround
BURBANK ELEMENTARY,HAYWARD,CA,HAYWARD UNIFIED,158712.00,Transformation
EMERSON MIDDLE,POMONA,CA,POMONA UNIFIED,152096.00,Transformation
SANTA ANA HIGH,SANTA ANA,CA,SANTA ANA UNIFIED,197223.00,Transformation
MAYWOOD ACADEMY HIGH,MAYWOOD,CA,LOS ANGELES UNIFIED,187692.00,Transformation
SHANDIN HILLS MIDDLE,SAN BERNARDINO,CA,SAN BERNARDINO CITY UNIFIED,2.00,Turnaround
WEBSTER ELEMENTARY,FRESNO,CA,FRESNO UNIFIED,17325.00,Turnaround
HALL DISTRICT ELEMENTARY,WATSONVILLE,CA,PAJARO VALLEY UNIFIED,630428.00,Transformation
EVERETT MIDDLE,SAN FRANCISCO,CA,SAN FRANCISCO UNIFIED,140557.00,Turnaround
THOMAS JEFFERSON SENIOR HIGH,LOS ANGELES,CA,LOS ANGELES UNIFIED,180068.00,Transformation
MARSHALL ELEMENTARY,SAN BERNARDINO,CA,SAN BERNARDINO CITY UNIFIED,194293.00,Turnaround
SAN JUAN,SAN JUAN BAUTISTA,CA,AROMAS/SAN JUAN UNIFIED,173426.00,Transformation
WEST SHORES HIGH,SALTON CITY,CA,COACHELLA VALLEY UNIFIED,126036.00,Turnaround
EXPLORE MIDDLE,OAKLAND,CA,OAKLAND UNIFIED,49045.00,Closure
JOHN MUIR ELEMENTARY,SAN FRANCISCO,CA,SAN FRANCISCO UNIFIED,148146.00,Turnaround
LINCOLN ELEMENTARY,RICHMOND,CA,WEST CONTRA COSTA UNIFIED,122138.00,Turnaround
SEMITROPIC ELEMENTARY,WASCO,CA,SEMITROPIC ELEMENTARY,133333.00,Transformation
GEORGE WASHINGTON CARVER MIDDLE,LOS ANGELES,CA,LOS ANGELES UNIFIED,174824.00,Restart
BRYANT ELEMENTARY,SAN FRANCISCO,CA,SAN FRANCISCO UNIFIED,155171.00,Turnaround
LITTLEROCK HIGH,LITTLEROCK,CA,ANTELOPE VALLEY UNION HIGH,17292.00,Transformation
BEL AIR ELEMENTARY,BAY POINT,CA,MT. DIABLO UNIFIED,144166.00,Transformation
POMONA SENIOR HIGH,POMONA,CA,POMONA UNIFIED,189832.00,Transformation
VALLEY HIGH,SANTA ANA,CA,SANTA ANA UNIFIED,197223.00,Transformation
TENNYSON HIGH,HAYWARD,CA,HAYWARD UNIFIED,179529.00,Transformation
HIGHLAND ELEMENTARY,SEASIDE,CA,MONTEREY PENINSULA UNIFIED,126595.00,Turnaround
ARROYO VALLEY HIGH,SAN BERNARDINO,CA,SAN BERNARDINO CITY UNIFIED,19.00,Transformation
VISTA VERDE MIDDLE,GREENFIELD,CA,GREENFIELD UNION ELEMENTARY,806917.00,Transformation
CACTUS MIDDLE,PALMDALE,CA,PALMDALE ELEMENTARY,184271.00,Turnaround
SADDLEBACK HIGH,SANTA ANA,CA,SANTA ANA UNIFIED,197223.00,Transformation
ROBERT LOUIS STEVENSON MIDDLE,LOS ANGELES,CA,LOS ANGELES UNIFIED,189229.00,Restart
SERRANO MIDDLE,HIGHLAND,CA,SAN BERNARDINO CITY UNIFIED,179747.00,Turnaround
CARVER ACADEMY,FRESNO,CA,FRESNO UNIFIED,105245.00,Turnaround
CALABASAS ELEMENTARY,WATSONVILLE,CA,PAJARO VALLEY UNIFIED,631759.00,Transformation
JOHN O'CONNELL ALTERNATIVE HIGH,SAN FRANCISCO,CA,SAN FRANCISCO UNIFIED,163043.00,Transformation
HILLCREST DRIVE ELEMENTARY,LOS ANGELES,CA,LOS ANGELES UNIFIED,189181.00,Transformation
HUNT ELEMENTARY,SAN BERNARDINO,CA,SAN BERNARDINO CITY UNIFIED,140097.00,Turnaround
RIVERSIDE COUNTY COMMUNITY,RIVERSIDE,CA,RIVERSIDE COUNTY OFFICE OF EDUCATION,141497.00,Transformation
CHUALAR ELEMENTARY,CHUALAR,CA,CHUALAR UNION ELEMENTARY,233414.00,Transformation
RIO VISTA ELEMENTARY,BAY POINT,CA,MT. DIABLO UNIFIED,443230.00,Transformation
HORACE MANN MIDDLE,SAN FRANCISCO,CA,SAN FRANCISCO UNIFIED,125599.00,Transformation
STANFORD NEW SCHOOL,MENLO PARK,CA,RAVENSWOOD CITY ELEMENTARY,105585.00,Transformation
CESAR ESTRADA CHAVEZ DUAL LANGUAGE IMMERSION CHART,SANTA BARBARA,CA,SANTA BARBARA ELEMENTARY,388816.00,Transformation
JEFFERSON ELEMENTARY,LINDSAY,CA,LINDSAY UNIFIED,108247.00,Turnaround
BROWN JR. (WILLIE L.) ELEMENTARY,SAN FRANCISCO,CA,SAN FRANCISCO UNIFIED,50000.00,Closure
NORTE VISTA HIGH,RIVERSIDE,CA,ALVORD UNIFIED,187562.00,Turnaround
MARCH MOUNTAIN HIGH,MORENO VALLEY,CA,MORENO VALLEY UNIFIED,481154.00,Transformation
NORTH HIGH SCHOOL,DENVER,CO,SCHOOL DISTRICT NO. 1 IN THE COUNTY OF DENVER AND STATE OF C,924081.00,Transformation
MONTBELLO HIGH SCHOOL,DENVER,CO,SCHOOL DISTRICT NO. 1 IN THE COUNTY OF DENVER AND STATE OF C,100778.00,Transformation
LAKE MIDDLE SCHOOL,DENVER,CO,SCHOOL DISTRICT NO. 1 IN THE COUNTY OF DENVER AND STATE OF C,619609.00,Restart
HANSON ELEMENTARY SCHOOL,COMMERCE CITY,CO,SCHOOL DISTRICT N. 14 IN THE COUNTY OF ADAMS & STATE OF COLO,641451.00,Transformation
CLIFTON ELEMENTARY SCHOOL,CLIFTON,CO,MESA COUNTY VALLEY SCHOOL DISTRICT NO. 51,821295.00,Transformation
RISHEL MIDDLE SCHOOL,DENVER,CO,SCHOOL DISTRICT NO. 1 IN THE COUNTY OF DENVER AND STATE OF C,13729.00,Closure
GREENLEE K-8 SCHOOL,DENVER,CO,SCHOOL DISTRICT NO. 1 IN THE COUNTY OF DENVER AND STATE OF C,671148.00,Turnaround
FORT LOGAN ELEMENTARY SCHOOL,ENGLEWOOD,CO,SHERIDAN SCHOOL DISTRICT NO. 2,728445.00,Turnaround
SKYLAND COMMUNITY HIGH SCHOOL,DENVER,CO,SCHOOL DISTRICT NO. 1 IN THE COUNTY OF DENVER AND STATE OF C,31935.00,Closure
PHILIPS ELEMENTARY SCHOOL,DENVER,CO,SCHOOL DISTRICT NO. 1 IN THE COUNTY OF DENVER AND STATE OF C,32491.00,Closure
GILPIN K-8 SCHOOL,DENVER,CO,SCHOOL DISTRICT NO. 1 IN THE COUNTY OF DENVER AND STATE OF C,374767.00,Turnaround
NOEL MIDDLE SCHOOL,DENVER,CO,SCHOOL DISTRICT NO. 1 IN THE COUNTY OF DENVER AND STATE OF C,825829.00,Transformation
BURNS SCHOOL,HARTFORD,CT,HARTFORD SCHOOL DISTRICT,430568.00,Turnaround
BARNUM SCHOOL,BRIDGEPORT,CT,BRIDGEPORT SCHOOL DISTRICT,500000.00,Transformation
KATHERINE BRENNAN SCHOOL,NEW HAVEN,CT,NEW HAVEN SCHOOL DISTRICT,590000.00,Turnaround
DR. RAMON E. BETANCES SCHOOL,HARTFORD,CT,HARTFORD SCHOOL DISTRICT,400000.00,Turnaround
STAMFORD ACADEMY,STAMFORD,CT,STAMFORD ACADEMY,400000.00,Transformation
JAMES HILLHOUSE HIGH SCHOOL,NEW HAVEN,CT,NEW HAVEN SCHOOL DISTRICT,700000.00,Transformation
MILNER SCHOOL,HARTFORD,CT,HARTFORD SCHOOL DISTRICT,430569.00,Turnaround
HARDING HIGH SCHOOL,BRIDGEPORT,CT,BRIDGEPORT SCHOOL DISTRICT,800000.00,Restart
NATCHAUG SCHOOL,WILLIMANTIC,CT,WINDHAM SCHOOL DISTRICT,700000.00,Transformation
HILL CENTRAL MUSIC ACADEMY,NEW HAVEN,CT,NEW HAVEN SCHOOL DISTRICT,590000.00,Turnaround
SAND SCHOOL,HARTFORD,CT,HARTFORD SCHOOL DISTRICT,400000.00,Turnaround
BASSICK HIGH SCHOOL,BRIDGEPORT,CT,BRIDGEPORT SCHOOL DISTRICT,700000.00,Transformation
WILBUR CROSS HIGH SCHOOL,NEW HAVEN,CT,NEW HAVEN SCHOOL DISTRICT,700000.00,Transformation
SMALLEY ACADEMY,NEW BRITAIN,CT,NEW BRITAIN SCHOOL DISTRICT,700000.00,Transformation
ANACOSTIA SHS,DISTRICT OF COLUMBIA,DC,DISTRICT OF COLUMBIA PUBLIC SCHOOLS,517340.00,Restart
BROWNE EC,DISTRICT OF COLUMBIA,DC,DISTRICT OF COLUMBIA PUBLIC SCHOOLS,445400.00,Transformation
DUNBAR SHS,DISTRICT OF COLUMBIA,DC,DISTRICT OF COLUMBIA PUBLIC SCHOOLS,517340.00,Restart
HAMILTON CENTER SPEC ED AT HAMILTON SCHOOL,DISTRICT OF COLUMBIA,DC,DISTRICT OF COLUMBIA PUBLIC SCHOOLS,330050.00,Turnaround
SPINGARN SHS,DISTRICT OF COLUMBIA,DC,DISTRICT OF COLUMBIA PUBLIC SCHOOLS,619950.00,Transformation
EASTERN SHS,DISTRICT OF COLUMBIA,DC,DISTRICT OF COLUMBIA PUBLIC SCHOOLS,189350.00,Turnaround
LUKE C. MOORE ACADEMY SHS,DISTRICT OF COLUMBIA,DC,DISTRICT OF COLUMBIA PUBLIC SCHOOLS,552658.00,Turnaround
PROSPECT LC,DISTRICT OF COLUMBIA,DC,DISTRICT OF COLUMBIA PUBLIC SCHOOLS,180700.00,Transformation
OPTIONS PCS,DISTRICT OF COLUMBIA,DC,OPTIONS PCS,541226.00,Turnaround
KENILWORTH ES,DISTRICT OF COLUMBIA,DC,DISTRICT OF COLUMBIA PUBLIC SCHOOLS,305325.00,Restart
SEAFORD SENIOR HIGH SCHOOL,SEAFORD,DE,SEAFORD SCHOOL DISTRICT,630295.00,Transformation
MOUNT PLEASANT HIGH SCHOOL,WILMINGTON,DE,BRANDYWINE SCHOOL DISTRICT,672921.00,Transformation
LITTLE RIVER ELEMENTARY SCHOOL,MIAMI,FL,DADE,394739.00,Transformation
HARDEE SENIOR HIGH SCHOOL,WAUCHULA,FL,HARDEE,733198.00,Transformation
MIAMI SOUTHRIDGE SENIOR HIGH,MIAMI,FL,DADE,115447.00,Turnaround
POINCIANA HIGH SCHOOL,KISSIMMEE,FL,OSCEOLA,660025.00,Transformation
EAST GADSDEN HIGH SCHOOL,HAVANA,FL,GADSDEN,737977.00,Transformation
COLUMBIA HIGH SCHOOL,LAKE CITY,FL,COLUMBIA,759293.00,Transformation
MIAMI JACKSON SENIOR HIGH SCHOOL,MIAMI,FL,DADE,816787.00,Transformation
MEMORIAL MIDDLE SCHOOL,ORLANDO,FL,ORANGE,652558.00,Transformation
LARKDALE ELEMENTARY SCHOOL,FORT LAUDERDALE,FL,BROWARD,713746.00,Transformation
EDWARD H. WHITE HIGH SCHOOL,JACKSONVILLE,FL,DUVAL,759293.00,Transformation
ST. JOHNS TECHNICAL HIGH SCHOOL,ST AUGUSTINE,FL,ST. JOHNS,728868.00,Transformation
HOMESTEAD SENIOR HIGH SCHOOL,HOMESTEAD,FL,DADE,845263.00,Transformation
LEESBURG HIGH SCHOOL,LEESBURG,FL,LAKE,734298.00,Transformation
CHARLES W. DUVAL ELEMENTARY SCHOOL,GAINESVILLE,FL,ALACHUA,759293.00,Transformation
SMART POPE LIVINGSTON ELEMENTARY,JACKSONVILLE,FL,DUVAL,500000.00,Transformation
DIXIE M. HOLLINS HIGH SCHOOL,ST PETERSBURG,FL,PINELLAS,500000.00,Transformation
DR. HENRY W. MACK/WEST LITTLE RIVER ELEMENTARY SCH,MIAMI,FL,DADE,258108.00,Transformation
CENTRAL HIGH SCHOOL,BROOKSVILLE,FL,HERNANDO,737052.00,Transformation
NORTH SHORE K-8,JACKSONVILLE,FL,DUVAL,711587.00,Turnaround
GLADES CENTRAL HIGH SCHOOL,BELLE GLADE,FL,PALM BEACH,666136.00,Transformation
NORTH MIAMI SENIOR HIGH SCHOOL,NORTH MIAMI,FL,DADE,108015.00,Transformation
GATEWAY HIGH SCHOOL,KISSIMMEE,FL,OSCEOLA,660025.00,Transformation
EDEN PARK ELEMENTARY SCHOOL,IMMOKALEE,FL,COLLIER,617334.00,Transformation
WEST GADSDEN HIGH SCHOOL,GREENSBORO,FL,GADSDEN,737977.00,Transformation
MIAMI EDISON SENIOR HIGH SCHOOL,MIAMI,FL,DADE,618351.00,Turnaround
MADISON COUNTY HIGH SCHOOL,MADISON,FL,MADISON,515138.00,Transformation
SUNLAND PARK ELEMENTARY SCHOOL,FORT LAUDERDALE,FL,BROWARD,713746.00,Transformation
NATHAN B. FORREST HIGH SCHOOL,JACKSONVILLE,FL,DUVAL,759293.00,Transformation
OSCAR J. POPE ELEMENTARY SCHOOL,LAKELAND,FL,POLK,736088.00,Transformation
NORTH MIAMI MIDDLE SCHOOL,NORTH MIAMI,FL,DADE,440823.00,Transformation
JEFFERSON COUNTY MIDDLE/HIGH SCHOOL,MONTICELLO,FL,JEFFERSON,647552.00,Transformation
LONG BRANCH ELEMENTARY SCHOOL,JACKSONVILLE,FL,DUVAL,500000.00,Turnaround
BOCA CIEGA HIGH SCHOOL,GULFPORT,FL,PINELLAS,500000.00,Transformation
PINE VILLA ELEMENTARY SCHOOL,MIAMI,FL,DADE,267620.00,Transformation
HERNANDO HIGH SCHOOL,BROOKSVILLE,FL,HERNANDO,737052.00,Transformation
ANDREW JACKSON HIGH SCHOOL,JACKSONVILLE,FL,DUVAL,636816.00,Turnaround
LAKE WORTH HIGH SCHOOL,LAKE WORTH,FL,PALM BEACH,10496.00,Transformation
HOLMES ELEMENTARY SCHOOL,MIAMI,FL,DADE,276644.00,Transformation
HAMILTON COUNTY HIGH SCHOOL,JASPER,FL,HAMILTON,698427.00,Transformation
OAK RIDGE HIGH SCHOOL,ORLANDO,FL,ORANGE,652965.00,Transformation
MIAMI NORTHWESTERN SENIOR HIGH,MIAMI,FL,DADE,796553.00,Turnaround
IMMOKALEE HIGH SCHOOL,IMMOKALEE,FL,COLLIER,567148.00,Transformation
WARRINGTON MIDDLE SCHOOL,PENSACOLA,FL,ESCAMBIA,759293.00,Turnaround
MIAMI CENTRAL SENIOR HIGH SCHOOL,MIAMI,FL,DADE,784700.00,Turnaround
WILLISTON HIGH SCHOOL,WILLISTON,FL,LEVY,651787.00,Transformation
MARJORIE KINNAN RAWLINGS ELEMENTARY SCHOOL,GAINESVILLE,FL,ALACHUA,627776.00,Transformation
WILLIAM M. RAINES HIGH SCHOOL,JACKSONVILLE,FL,DUVAL,676989.00,Turnaround
LAKEWOOD HIGH SCHOOL,ST PETERSBURG,FL,PINELLAS,500000.00,Transformation
MIAMI EDISON MIDDLE SCHOOL,MIAMI,FL,DADE,407497.00,Turnaround
MIDDLETON HIGH SCHOOL,TAMPA,FL,HILLSBOROUGH,759293.00,Transformation
JEAN RIBAULT HIGH SCHOOL,JACKSONVILLE,FL,DUVAL,713451.00,Turnaround
RIDGEWOOD HIGH SCHOOL,NEW PORT RICHEY,FL,PASCO,759293.00,Transformation
NORTH COUNTY ELEMENTARY SCHOOL,MIAMI GARDENS,FL,DADE,251911.00,Turnaround
CLEWISTON HIGH SCHOOL,CLEWISTON,FL,HENDRY,759293.00,Transformation
BOOKER T. WASHINGTON SENIOR HIGH,MIAMI,FL,DADE,644329.00,Turnaround
CELEBRATION HIGH SCHOOL,CELEBRATION,FL,OSCEOLA,660025.00,Transformation
FREDERICK R. DOUGLASS ELEMENTARY,MIAMI,FL,DADE,344819.00,Turnaround
CENTRAL HAMILTON ELEMENTARY SCHOOL,JASPER,FL,HAMILTON,518789.00,Transformation
EVANS HIGH SCHOOL,ORLANDO,FL,ORANGE,652792.00,Transformation
MIAMI NORLAND SENIOR HIGH SCHOOL,MIAMI,FL,DADE,742472.00,Turnaround
COCONUT CREEK HIGH SCHOOL,COCONUT CREEK,FL,BROWARD,713746.00,Transformation
A. PHILIP RANDOLPH ACADEMIES,JACKSONVILLE,FL,DUVAL,697645.00,Transformation
MIAMI CAROL CITY SENIOR HIGH,OPA-LOCKA,FL,DADE,997322.00,Transformation
AMOS P. GODBY HIGH SCHOOL,TALLAHASSEE,FL,LEON,628602.00,Transformation
HAWTHORNE MIDDLE/HIGH SCHOOL,HAWTHORNE,FL,ALACHUA,635832.00,Transformation
NORTHWESTERN MIDDLE SCHOOL,JACKSONVILLE,FL,DUVAL,500000.00,Transformation
GIBBS HIGH SCHOOL,ST PETERSBURG,FL,PINELLAS,500000.00,Transformation
CHARLES R. DREW MIDDLE SCHOOL,MIAMI,FL,DADE,369914.00,Turnaround
FRANKLIN MIDDLE MAGNET SCHOOL,TAMPA,FL,HILLSBOROUGH,759293.00,Transformation
PAXON MIDDLE SCHOOL,JACKSONVILLE,FL,DUVAL,633527.00,Turnaround
ROSENWALD ELEMENTARY SCHOOL,SOUTH BAY,FL,PALM BEACH,506738.00,Transformation
BURKE COUNTY HIGH SCHOOL,WAYNESBORO,GA,BURKE COUNTY,115158.00,Transformation
WILLIAM S. HUTCHINGS CAREER CENTER,MACON,GA,BIBB COUNTY,955121.00,Transformation
LANEY HIGH SCHOOL,AUGUSTA,GA,RICHMOND COUNTY,115976.00,Turnaround
CRIM HIGH SCHOOL,ATLANTA,GA,ATLANTA PUBLIC SCHOOLS,11667.00,Transformation
PEACH COUNTY HIGH SCHOOL,FORT VALLEY,GA,PEACH COUNTY,185136.00,Transformation
GRIFFIN HIGH SCHOOL,GRIFFIN,GA,SPALDING COUNTY,144427.00,Transformation
DADE COUNTY HIGH SCHOOL,TRENTON,GA,DADE COUNTY,942738.00,Transformation
GLENN HILLS HIGH SCHOOL,AUGUSTA,GA,RICHMOND COUNTY,107896.00,Transformation
DOUGLASS HIGH SCHOOL,ATLANTA,GA,ATLANTA PUBLIC SCHOOLS,788579.00,Transformation
JORDAN VOCATIONAL HIGH SCHOOL,COLUMBUS,GA,MUSCOGEE COUNTY,146453.00,Transformation
DOOLY COUNTY HIGH SCHOOL,VIENNA,GA,DOOLY COUNTY,139306.00,Transformation
BEACH HIGH SCHOOL,SAVANNAH,GA,CHATHAM COUNTY,122676.00,Turnaround
RIDGELAND HIGH SCHOOL,ROSSVILLE,GA,WALKER COUNTY,147015.00,Transformation
SOUTHWEST HIGH SCHOOL,MACON,GA,BIBB COUNTY,119812.00,Transformation
JOSEY HIGH SCHOOL,AUGUSTA,GA,RICHMOND COUNTY,102187.00,Transformation
GEORGIA SCHOOL FOR THE DEAF,CAVE SPRING,GA,STATE SCHOOLS,101486.00,Transformation
SPENCER HIGH SCHOOL,COLUMBUS,GA,MUSCOGEE COUNTY,164154.00,Transformation
MCNAIR HIGH SCHOOL,ATLANTA,GA,DEKALB COUNTY,868746.00,Transformation
TEMPLE HIGH SCHOOL,TEMPLE,GA,CARROLL COUNTY,105401.00,Transformation
RUTLAND HIGH SCHOOL,MACON,GA,BIBB COUNTY,125013.00,Transformation
STEWART-QUITMAN HIGH SCHOOL,LUMPKIN,GA,STEWART COUNTY,688641.00,Transformation
NORTHEAST HIGH SCHOOL,MACON,GA,BIBB COUNTY,112362.00,Transformation
HAWKINSVILLE HIGH SCHOOL,HAWKINSVILLE,GA,PULASKI COUNTY,902342.00,Transformation
ATLANTA AREA SCHOOL FOR THE DEAF,CLARKSTON,GA,STATE SCHOOLS,663957.00,Transformation
HENRY COUNTY HIGH SCHOOL,MCDONOUGH,GA,HENRY COUNTY,140653.00,Transformation
CLARKSTON HIGH SCHOOL,CLARKSTON,GA,DEKALB COUNTY,876027.00,Transformation
WEEKS MIDDLE SCHOOL,DES MOINES,IA,DES MOINES INDEPENDENT COMM SCHOOL DISTRICT,18.00,Transformation
NORTH HIGH SCHOOL,DES MOINES,IA,DES MOINES INDEPENDENT COMM SCHOOL DISTRICT,2.00,Transformation
LINCOLN ELEMENTARY SCHOOL,WATERLOO,IA,WATERLOO COMM SCHOOL DISTRICT,,Transformation
HOYT MIDDLE SCHOOL,DES MOINES,IA,DES MOINES INDEPENDENT COMM SCHOOL DISTRICT,18.00,Transformation
JACK M LOGAN MIDDLE SCHOOL,WATERLOO,IA,WATERLOO COMM SCHOOL DISTRICT,761197.00,Transformation
EDMUNDS FINE ARTS ACADEMY,DES MOINES,IA,DES MOINES INDEPENDENT COMM SCHOOL DISTRICT,,Transformation
MURTAUGH MIDDLE SCHOOL,MURTAUGH,ID,MURTAUGH JOINT DISTRICT,209893.00,Transformation
FORT HALL ELEMENTARY SCHOOL,POCATELLO,ID,BLACKFOOT DISTRICT,,Transformation
MELBA MIDDLE SCHOOL,MELBA,ID,MELBA JOINT DISTRICT,,Transformation
LAKESIDE ELEMENTARY SCHOOL,WORLEY,ID,PLUMMER-WORLEY JOINT DISTRICT,,Transformation
SNAKE RIVER JR HIGH SCHOOL,BLACKFOOT,ID,SNAKE RIVER DISTRICT,,Transformation
JEFFERSON MIDDLE SCHOOL,CALDWELL,ID,CALDWELL DISTRICT,286787.00,Transformation
THORNWOOD HIGH SCHOOL,SOUTH HOLLAND,IL,THORNTON TWP HSD 205,170473.00,Transformation
MANUAL HIGH SCHOOL,PEORIA,IL,PEORIA SD 150,122159.00,Turnaround
MARSHALL METROPOLITAN HIGH SCHOOL,CHICAGO,IL,CITY OF CHICAGO SD 299,195114.00,Turnaround
EGYPTIAN SR HIGH SCHOOL,TAMMS,IL,EGYPTIAN CUSD 5,11848.00,Transformation
HARPER HIGH SCHOOL,CHICAGO,IL,CITY OF CHICAGO SD 299,198187.00,Turnaround
THORNTON TOWNSHIP HIGH SCHOOL,HARVEY,IL,THORNTON TWP HSD 205,170473.00,Transformation
DEPUE HIGH SCHOOL,DEPUE,IL,DEPUE USD 103,793604.00,Transformation
FENGER ACADEMY HIGH SCHOOL,CHICAGO,IL,CITY OF CHICAGO SD 299,185042.00,Turnaround
THORNRIDGE HIGH SCHOOL,DOLTON,IL,THORNTON TWP HSD 205,170473.00,Transformation
PHILLIPS ACADEMY HIGH SCHOOL,CHICAGO,IL,CITY OF CHICAGO SD 299,179737.00,Restart
BENDIX SCHOOL,SOUTH BEND,IN,SOUTH BEND COMMUNITY SCH CORP,113677.00,Transformation
GLENWOOD MIDDLE SCHOOL,EVANSVILLE,IN,EVANSVILLE-VANDERBURGH SCH CORP,199941.00,Transformation
GEORGE WASHINGTON COMMUNITY,INDIANAPOLIS,IN,INDIANAPOLIS PUBLIC SCHOOLS,198496.00,Turnaround
INDIANAPOLIS METROPOLITAN HIGH SCH,INDIANAPOLIS,IN,INDIANAPOLIS METROPOLITAN HIGH SCH,735737.00,Transformation
JOHN MARSHALL COMMUNITY HIGH SCH,INDIANAPOLIS,IN,INDIANAPOLIS PUBLIC SCHOOLS,191676.00,Turnaround
THE CHALLENGE FOUNDATION ACADEMY,INDIANAPOLIS,IN,CHALLENGE FOUNDATION ACADEMY,552282.00,Transformation
HAMMOND HIGH SCHOOL,HAMMOND,IN,SCHOOL CITY OF HAMMOND,199958.00,Turnaround
EMERSON ELEM,KANSAS CITY,KS,KANSAS CITY,108003.00,Turnaround
HIGHLAND PARK HIGH,TOPEKA,KS,TOPEKA PUBLIC SCHOOLS,197018.00,Transformation
SOUTH EAST HIGH,CHEROKEE,KS,CHEROKEE,764280.00,Transformation
LIBERAL  SOUTH MIDDLE,LIBERAL,KS,LIBERAL,180378.00,Transformation
NORTHWEST MIDDLE,KANSAS CITY,KS,KANSAS CITY,18984.00,Transformation
CURTIS MIDDLE SCHOOL,WICHITA,KS,WICHITA,1997.00,Transformation
WESTERN MIDDLE SCHOOL,LOUISVILLE,KY,JEFFERSON COUNTY,429176.00,Turnaround
VALLEY TRADITIONAL HIGH SCHOOL,LOUISVILLE,KY,JEFFERSON COUNTY,588932.00,Turnaround
METCALFE COUNTY HIGH SCHOOL,EDMONTON,KY,METCALFE COUNTY,433993.00,Transformation
SHAWNEE HIGH SCHOOL MAGNET CAREER ACADEM,LOUISVILLE,KY,JEFFERSON COUNTY,437283.00,Turnaround
FERN CREEK TRADITIONAL HIGH SCHOOL,LOUISVILLE,KY,JEFFERSON COUNTY,559459.00,Turnaround
LESLIE COUNTY HIGH SCHOOL,HYDEN,KY,LESLIE COUNTY,498795.00,Transformation
ROBERT FROST MIDDLE SCHOOL,VALLEY STATION,KY,JEFFERSON COUNTY,437283.00,Turnaround
CAVERNA HIGH SCHOOL,HORSE CAVE,KY,CAVERNA INDEPENDENT,395523.00,Transformation
LAWRENCE COUNTY HIGH SCHOOL,LOUISA,KY,LAWRENCE COUNTY,808211.00,Transformation
WESTERN MST MAGNET HIGH SCHOOL,LOUISVILLE,KY,JEFFERSON COUNTY,437283.00,Turnaround
SARAH TOWLES REED SENIOR HIGH SCHOOL,NEW ORLEANS,LA,RECOVERY SCHOOL DISTRICT-LDE,,Transformation
ASSUMPTION HIGH SCHOOL,NAPOLEONVILLE,LA,ASSUMPTION PARISH,,Transformation
CHELSEA HIGH,CHELSEA,MA,CHELSEA,748937.00,Transformation
THE ENGLISH HIGH,BOSTON,MA,BOSTON,927362.00,Transformation
ELIHU GREENWOOD,HYDE PARK,MA,BOSTON,427239.00,Transformation
ORCHARD GARDENS,ROXBURY,MA,BOSTON,110786.00,Turnaround
PAUL A DEVER,DORCHESTER,MA,BOSTON,863413.00,Turnaround
DEARBORN,ROXBURY,MA,BOSTON,420721.00,Transformation
HARBOR SCHOOL,BOSTON,MA,BOSTON,586623.00,Turnaround
JOHN P HOLLAND,DORCHESTER,MA,BOSTON,918500.00,Transformation
BLACKSTONE,BOSTON,MA,BOSTON,743593.00,Turnaround
M MARCUS KILEY MIDDLE,SPRINGFIELD,MA,SPRINGFIELD,767986.00,Transformation
WILLIAM MONROE TROTTER,DORCHESTER,MA,BOSTON,518312.00,Turnaround
JOHN F KENNEDY,JAMAICA PLAIN,MA,BOSTON,407794.00,Transformation
THURGOOD MARSHALL MIDDLE SCHOOL,TEMPLE HILLS,MD,PRINCE GEORGE'S COUNTY PUBLIC SCHOOLS,773922.00,Turnaround
WILLIAM C. MARCH MIDDLE,BALTIMORE,MD,BALTIMORE CITY PUBLIC SCHOOLS,956457.00,Restart
CHINQUAPIN MIDDLE,BALTIMORE,MD,BALTIMORE CITY PUBLIC SCHOOLS,465091.00,Restart
BENJAMIN STODDERT MIDDLE,TEMPLE HILLS,MD,PRINCE GEORGE'S COUNTY PUBLIC SCHOOLS,773922.00,Turnaround
AUGUSTA FELLS SAVAGE INSTITUTE OF VISUAL ARTS,BALTIMORE,MD,BALTIMORE CITY PUBLIC SCHOOLS,128848.00,Turnaround
CALVERTON,BALTIMORE,MD,BALTIMORE CITY PUBLIC SCHOOLS,177759.00,Restart
G. JAMES GHOLSON MIDDLE,LANDOVER,MD,PRINCE GEORGE'S COUNTY PUBLIC SCHOOLS,831888.00,Turnaround
GARRISON MIDDLE,BALTIMORE,MD,BALTIMORE CITY PUBLIC SCHOOLS,120707.00,Restart
BOOKER T. WASHINGTON MIDDLE,BALTIMORE,MD,BALTIMORE CITY PUBLIC SCHOOLS,928355.00,Turnaround
DREW FREEMAN MIDDLE,SUITLAND,MD,PRINCE GEORGE'S COUNTY PUBLIC SCHOOLS,773922.00,Turnaround
COMMODORE JOHN ROGERS ELEMENTARY,BALTIMORE,MD,BALTIMORE CITY PUBLIC SCHOOLS,102706.00,Restart
GOVERNOR JAMES B LONGLEY ELEM SCH,LEWISTON,ME,LEWISTON SCHOOL DEPARTMENT,,Turnaround
LAKE REGION HIGH SCHOOL,NAPLES,ME,MSAD 61,,Transformation
LIVERMORE FALLS HIGH SCHOOL,LIVERMORE FALLS,ME,MSAD 36,,Transformation
SUMNER MEMORIAL HIGH SCHOOL,SULLIVAN,ME,FLANDERS BAY CSD,,Transformation
RIVERTON SCHOOL,PORTLAND,ME,PORTLAND PUBLIC SCHOOLS,,Transformation
CARRABEC HIGH SCHOOL,NORTH ANSON,ME,MSAD 74,,Transformation
LESSENGER ELEMENTARY-MIDDLE SCHOOL,DETROIT,MI,DETROIT CITY SCHOOL DISTRICT,148488.00,Turnaround
E.A. JOHNSON MEMORIAL H.S.,MOUNT MORRIS,MI,MT. MORRIS CONSOLIDATED SCHOOLS,679699.00,Transformation
BUCHANAN HIGH SCHOOL,BUCHANAN,MI,BUCHANAN COMMUNITY SCHOOLS,121632.00,Transformation
WESTWOOD MIDDLE SCHOOL,GRAND RAPIDS,MI,GRAND RAPIDS PUBLIC SCHOOLS,171133.00,Turnaround
ALGER MIDDLE SCHOOL,GRAND RAPIDS,MI,GRAND RAPIDS PUBLIC SCHOOLS,171133.00,Turnaround
WALDRON MIDDLE SCHOOL,WALDRON,MI,WALDRON AREA SCHOOLS,273500.00,Transformation
WHITE ELEMENTARY SCHOOL,HAMTRAMCK,MI,DETROIT CITY SCHOOL DISTRICT,122853.00,Transformation
ARTHUR HILL HIGH SCHOOL,SAGINAW,MI,SAGINAW CITY SCHOOL DISTRICT,164933.00,Transformation
MT. CLEMENS HIGH SCHOOL,MOUNT CLEMENS,MI,MT. CLEMENS COMMUNITY SCHOOL DISTRICT,751945.00,Transformation
ADRIAN HIGH SCHOOL,ADRIAN,MI,ADRIAN CITY SCHOOL DISTRICT,948838.00,Transformation
UNION HIGH SCHOOL,GRAND RAPIDS,MI,GRAND RAPIDS PUBLIC SCHOOLS,190709.00,Transformation
LEE HIGH SCHOOL,WYOMING,MI,GODFREY-LEE PUBLIC SCHOOLS,894861.00,Transformation
LINCOLN HIGH SCHOOL,WARREN,MI,VAN DYKE PUBLIC SCHOOLS,416177.00,Transformation
SOUTHWESTERN HIGH SCHOOL,DETROIT,MI,DETROIT CITY SCHOOL DISTRICT,135109.00,Turnaround
ROMULUS MIDDLE SCHOOL,ROMULUS,MI,ROMULUS COMMUNITY SCHOOLS,199852.00,Transformation
FARWELL MIDDLE SCHOOL,DETROIT,MI,DETROIT CITY SCHOOL DISTRICT,602552.00,Turnaround
INKSTER HIGH SCHOOL,INKSTER,MI,SCHOOL DISTRICT OF THE CITY OF INKSTER,16228.00,Turnaround
WESTON PREPARATORY ACADEMY,DETROIT,MI,WESTON PREPARATORY ACADEMY,704180.00,Transformation
OTTAWA HILLS HIGH SCHOOL,GRAND RAPIDS,MI,GRAND RAPIDS PUBLIC SCHOOLS,190709.00,Transformation
FITZGERALD SENIOR HIGH SCHOOL,WARREN,MI,FITZGERALD PUBLIC SCHOOLS,447461.00,Transformation
SPRINGPORT HIGH SCHOOL,SPRINGPORT,MI,SPRINGPORT PUBLIC SCHOOLS,774100.00,Transformation
NOLAN ELEMENTARY SCHOOL,HIGHLAND PARK,MI,DETROIT CITY SCHOOL DISTRICT,121554.00,Transformation
OAK PARK HIGH SCHOOL,OAK PARK,MI,OAK PARK CITY SCHOOL DISTRICT,196658.00,Turnaround
BUENA VISTA HIGH SCHOOL,SAGINAW,MI,BUENA VISTA SCHOOL DISTRICT,815637.00,Transformation
GRANT HIGH SCHOOL,GRANT,MI,GRANT PUBLIC SCHOOL DISTRICT,552326.00,Transformation
GERALD R. FORD MIDDLE SCHOOL,GRAND RAPIDS,MI,GRAND RAPIDS PUBLIC SCHOOLS,144344.00,Turnaround
PHOENIX ELEMENTARY,DETROIT,MI,DETROIT CITY SCHOOL DISTRICT,811102.00,Turnaround
THOMPSON MIDDLE SCHOOL,SAGINAW,MI,SAGINAW CITY SCHOOL DISTRICT,125917.00,Transformation
WELLSTONE INTERNATIONAL HIGH,MINNEAPOLIS,MN,MINNEAPOLIS PUBLIC SCHOOL DIST.,528276.00,Transformation
EDISON SENIOR HIGH,MINNEAPOLIS,MN,MINNEAPOLIS PUBLIC SCHOOL DIST.,878276.00,Turnaround
CASS LAKE-BENA SECONDARY,CASS LAKE,MN,CASS LAKE-BENA PUBLIC SCHOOLS,529518.00,Transformation
MAXFIELD MAGNET ELEMENTARY,ST. PAUL,MN,ST. PAUL PUBLIC SCHOOL DISTRICT,600000.00,Transformation
NORTH VIEW IB WORLD SCHOOL,BROOKLYN PARK,MN,OSSEO PUBLIC SCHOOL DISTRICT,850000.00,Transformation
BETHUNE ELEMENTARY,MINNEAPOLIS,MN,MINNEAPOLIS PUBLIC SCHOOL DIST.,528276.00,Transformation
BROOKLYN CENTER SECONDARY,BROOKLYN CENTER,MN,BROOKLYN CENTER SCHOOL DISTRICT,700000.00,Transformation
HUMBOLDT SENIOR HIGH,ST. PAUL,MN,ST. PAUL PUBLIC SCHOOL DISTRICT,850000.00,Turnaround
OGILVIE SECONDARY,OGILVIE,MN,OGILVIE PUBLIC SCHOOL DISTRICT,561111.00,Transformation
BROADWAY ARTS & TECHNOLOGY,MINNEAPOLIS,MN,MINNEAPOLIS PUBLIC SCHOOL DIST.,403276.00,Transformation
ISLE SECONDARY,ISLE,MN,ISLE PUBLIC SCHOOL DISTRICT,500000.00,Transformation
BRAHAM AREA SECONDARY,BRAHAM,MN,BRAHAM PUBLIC SCHOOL DISTRICT,658042.00,Transformation
RED LAKE SENIOR HIGH,RED LAKE,MN,RED LAKE PUBLIC SCHOOL DISTRICT,561543.00,Transformation
HMONG INTERNATIONAL ACADEMY,MINNEAPOLIS,MN,MINNEAPOLIS PUBLIC SCHOOL DIST.,528276.00,Transformation
LUCY LANEY @ CLEVELAND PARK ELEM.,MINNEAPOLIS,MN,MINNEAPOLIS PUBLIC SCHOOL DIST.,728276.00,Turnaround
EAST CENTRAL SENIOR SECONDARY,FINLAYSON,MN,EAST CENTRAL SCHOOL DISTRICT,500237.00,Transformation
WAUBUN SECONDARY,WAUBUN,MN,WAUBUN PUBLIC SCHOOL DISTRICT,700000.00,Transformation
NEW VISIONS CHARTER SCHOOL,MINNEAPOLIS,MN,NEW VISIONS CHARTER SCHOOL,556636.00,Transformation
PONEMAH ELEMENTARY,PONEMAH,MN,RED LAKE PUBLIC SCHOOL DISTRICT,471654.00,Transformation
NORMANDY MIDDLE,ST LOUIS,MO,NORMANDY,425300.00,Transformation
COLUMBIA ELEM. COMM. ED. CTR.,ST LOUIS,MO,ST. LOUIS CITY,356608.00,Turnaround
CENTRAL HIGH,KANSAS CITY,MO,KANSAS CITY 33,806900.00,Transformation
MANN ELEM.,ST LOUIS,MO,ST. LOUIS CITY,380419.00,Turnaround
EAST MIDDLE,ST LOUIS,MO,HAZELWOOD,172251.00,Turnaround
HAMILTON ELEM. COMMUNITY ED.,ST LOUIS,MO,ST. LOUIS CITY,363928.00,Turnaround
CARUTHERSVILLE MIDDLE,CARUTHERSVILLE,MO,CARUTHERSVILLE 18,379564.00,Transformation
R. G. CENTRAL MIDDLE,ST LOUIS,MO,RIVERVIEW GARDENS,199415.00,Turnaround
GENESIS SCHOOL INC.,KANSAS CITY,MO,GENESIS SCHOOL INC.,250120.00,Turnaround
WALBRIDGE ELEM. COMMUNITY ED.,ST LOUIS,MO,ST. LOUIS CITY,377942.00,Turnaround
JENNINGS JR. HIGH,JENNINGS,MO,JENNINGS,364226.00,Transformation
LANGSTON MIDDLE,ST LOUIS,MO,ST. LOUIS CITY,436579.00,Transformation
HAYTI HIGH,HAYTI,MO,HAYTI R-II,10302.00,Transformation
FANNING MIDDLE COMMUNITY ED.,ST LOUIS,MO,ST. LOUIS CITY,444175.00,Transformation
CONSTRUCTION CAREERS CENTER,ST LOUIS,MO,CONSTRUCTION CAREERS CENTER,533168.00,Transformation
RIVERVIEW GARDENS SR. HIGH,ST LOUIS,MO,RIVERVIEW GARDENS,512669.00,Turnaround
B. BANNEKER ACADEMY,KANSAS CITY,MO,B. BANNEKER ACADEMY,912903.00,Turnaround
VAN HORN HS AT EAST,KANSAS CITY,MO,KANSAS CITY 33,806900.00,Transformation
VASHON HIGH,ST LOUIS,MO,ST. LOUIS CITY,399827.00,Turnaround
SMITH-HALE JR. HIGH,KANSAS CITY,MO,HICKMAN MILLS C-1,169925.00,Transformation
L'OUVERTURE MIDDLE,ST LOUIS,MO,ST. LOUIS CITY,441804.00,Transformation
MCCLUER SOUTH-BERKELEY HIGH,FERGUSON,MO,FERGUSON-FLORISSANT R-II,407822.00,Transformation
ASHLAND ELEM. AND BR.,ST LOUIS,MO,ST. LOUIS CITY,353737.00,Turnaround
ALTA VISTA CHARTER SCH.,KANSAS CITY,MO,ALTA VISTA CHARTER SCH.,256538.00,Transformation
NORMANDY HIGH,ST LOUIS,MO,NORMANDY,402089.00,Transformation
NORTHEAST HIGH,KANSAS CITY,MO,KANSAS CITY 33,806900.00,Transformation
SIGEL ELEM. COMM. ED. CTR.,ST LOUIS,MO,ST. LOUIS CITY,382436.00,Turnaround
ERVIN JR. HIGH,KANSAS CITY,MO,HICKMAN MILLS C-1,46872.00,Closure
JEFFERSON ELEM.,ST LOUIS,MO,ST. LOUIS CITY,340193.00,Transformation
BERKELEY MIDDLE,BERKELEY,MO,FERGUSON-FLORISSANT R-II,307826.00,Transformation
WESTVIEW MIDDLE,ST LOUIS,MO,RIVERVIEW GARDENS,199415.00,Turnaround
URBAN COM. LEADERSHIP ACADEMY,KANSAS CITY,MO,URBAN COM. LEADERSHIP ACADEMY,966394.00,Turnaround
LEFLORE COUNTY HIGH SCHOOL,ITTA BENA,MS,LEFLORE CO SCHOOL DIST,175.00,Transformation
HAZLEHURST HIGH SCHOOL,HAZLEHURST,MS,HAZLEHURST CITY SCHOOL DISTRICT,12061.00,Transformation
WINGFIELD HIGH SCHOOL,JACKSON,MS,JACKSON PUBLIC SCHOOL DIST,174731.00,Transformation
W A HIGGINS MIDDLE SCHOOL,CLARKSDALE,MS,CLARKSDALE MUNICIPAL SCHOOL DIST,125.00,Transformation
GENTRY HIGH SCHOOL,INDIANOLA,MS,INDIANOLA SCHOOL DIST,129091.00,Transformation
PORT GIBSON HIGH SCHOOL,PORT GIBSON,MS,CLAIBORNE CO SCHOOL DIST,175.00,Transformation
NORTH PANOLA HIGH SCHOOL,SARDIS,MS,NORTH PANOLA SCHOOLS,790586.00,Transformation
HAZLEHURST MIDDLE SCHOOL,HAZLEHURST,MS,HAZLEHURST CITY SCHOOL DISTRICT,143209.00,Transformation
PLENTY COUPS HIGH SCHOOL,PRYOR,MT,PLENTY COUPS H S,380711.00,Transformation
PRYOR 7-8,PRYOR,MT,PRYOR ELEM,134368.00,Transformation
FRAZER HIGH SCHOOL,FRAZER,MT,FRAZER H S,799203.00,Transformation
PRYOR ELEM SCHOOL,PRYOR,MT,PRYOR ELEM,380711.00,Transformation
LAME DEER HIGH SCHOOL,LAME DEER,MT,LAME DEER H S,137653.00,Transformation
LODGE GRASS HIGH SCHOOL,LODGE GRASS,MT,LODGE GRASS H S,129044.00,Transformation
KENNEDY LEARNING,WINSTON SALEM,NC,FORSYTH COUNTY SCHOOLS,504908.00,Transformation
BURKE ALTERNATIVE SCHOOL,MORGANTON,NC,BURKE COUNTY SCHOOLS,316901.00,Transformation
LUMBERTON SENIOR HIGH,LUMBERTON,NC,ROBESON COUNTY SCHOOLS,1726.00,Transformation
SOUTH CENTRAL HIGH,WINTERVILLE,NC,PITT COUNTY SCHOOLS,946400.00,Transformation
WEST MECKLENBURG HIGH,CHARLOTTE,NC,CHARLOTTE-MECKLENBURG SCHOOLS,879391.00,Transformation
OAK HILL ELEMENTARY,HIGH POINT,NC,GUILFORD COUNTY SCHOOLS,954735.00,Turnaround
BUNCOMBE COMMUNITY-EAST,SWANNANOA,NC,BUNCOMBE COUNTY SCHOOLS,11651.00,Turnaround
FAIRMONT HIGH,FAIRMONT,NC,ROBESON COUNTY SCHOOLS,903372.00,Transformation
NORTH PITT HIGH,BETHEL,NC,PITT COUNTY SCHOOLS,728000.00,Transformation
CATAWBA VALLEY HIGH,HICKORY,NC,HICKORY CITY SCHOOLS,109594.00,Turnaround
WARLICK SCHOOL,GASTONIA,NC,GASTON COUNTY SCHOOLS,766415.00,Turnaround
DURHAM'S PERFORMANCE LEARNING,DURHAM,NC,DURHAM PUBLIC SCHOOLS,883395.00,Transformation
GOLDSBORO HIGH,GOLDSBORO,NC,WAYNE COUNTY PUBLIC SCHOOLS,962048.00,Transformation
BRUNSWICK LEARNING CENTER,SOUTHPORT,NC,BRUNSWICK COUNTY SCHOOLS,665360.00,Transformation
W L GREENE ALTERNATIVE,NASHVILLE,NC,NASH-ROCKY MOUNT SCHOOLS,421116.00,Transformation
FARMVILLE CENTRAL HIGH,FARMVILLE,NC,PITT COUNTY SCHOOLS,618800.00,Transformation
SOUTHEAST HALIFAX HIGH,HALIFAX,NC,HALIFAX COUNTY SCHOOLS,11709.00,Transformation
PETREE ELEMENTARY,WINSTON-SALEM,NC,FORSYTH COUNTY SCHOOLS,100491.00,Turnaround
DAVIDSON COUNTY EXT DAY,LEXINGTON,NC,DAVIDSON COUNTY SCHOOLS,,Transformation
HENDERSON INDEPENDENT HIGH,SALISBURY,NC,ROWAN-SALISBURY SCHOOLS,816000.00,Turnaround
ANSON CHALLENGE ACADEMY,WADESBORO,NC,ANSON COUNTY SCHOOLS,730689.00,Restart
E E WADDELL HIGH,CHARLOTTE,NC,CHARLOTTE-MECKLENBURG SCHOOLS,693605.00,Transformation
WALKER-SPIVEY,FAYETTEVILLE,NC,CUMBERLAND COUNTY SCHOOLS,630752.00,Transformation
ENFIELD MIDDLE,ENFIELD,NC,HALIFAX COUNTY SCHOOLS,870080.00,Transformation
MANDAREE HIGH SCHOOL,MANDAREE,ND,MANDAREE 36,418574.00,Transformation
SANTEE ELEMENTARY SCHOOL,NIOBRARA,NE,SANTEE COMMUNITY SCHOOLS,510953.00,Transformation
CRAWFORD ELEMENTARY SCHOOL,CRAWFORD,NE,CRAWFORD PUBLIC SCHOOLS,429450.00,Transformation
MINATARE ELEMENTARY SCHOOL,MINATARE,NE,MINATARE PUBLIC SCHOOLS,474603.00,Transformation
WINNEBAGO HIGH SCHOOL,WINNEBAGO,NE,WINNEBAGO PUBLIC SCHOOLS,724045.00,Transformation
MADISON ELEMENTARY SCHOOL,MADISON,NE,MADISON PUBLIC SCHOOLS,465550.00,Transformation
SANTEE HIGH SCHOOL,NIOBRARA,NE,SANTEE COMMUNITY SCHOOLS,542500.00,Transformation
ELLIOTT ELEMENTARY SCHOOL,LINCOLN,NE,LINCOLN PUBLIC SCHOOLS,930978.00,Transformation
PITTSFIELD HIGH SCHOOL,PITTSFIELD,NH,PITTSFIELD SCHOOL DISTRICT,344358.00,Transformation
NUTE HIGH SCHOOL,MILTON,NH,MILTON SCHOOL DISTRICT,421278.00,Transformation
SOUTHSIDE MIDDLE SCHOOL,MANCHESTER,NH,MANCHESTER SCHOOL DISTRICT,346179.00,Transformation
NUTE JUNIOR HIGH SCHOOL,MILTON,NH,MILTON SCHOOL DISTRICT,337678.00,Transformation
PARKER-VARNEY SCHOOL,MANCHESTER,NH,MANCHESTER SCHOOL DISTRICT,444472.00,Transformation
PITTSFIELD MIDDLE SCHOOL,PITTSFIELD,NH,PITTSFIELD SCHOOL DISTRICT,344358.00,Transformation
GOSSLER PARK SCHOOL,MANCHESTER,NH,MANCHESTER SCHOOL DISTRICT,423281.00,Transformation
ESSEX CTY VOC-WEST CALDW,WEST CALDWELL,NJ,ESSEX COUNTY VOCATIONAL S,526481.00,Transformation
DAYTON ST,NEWARK,NJ,NEWARK,166069.00,Transformation
RENAISSANCE ACADEMY,NEWARK,NJ,NEWARK,17529.00,Restart
U S WIGGINS,CAMDEN,NJ,CAMDEN CITY,108077.00,Transformation
MALCOLM X SHABAZZ HIGH,NEWARK,NJ,NEWARK,179302.00,Turnaround
FRED W  MARTIN #41,JERSEY CITY,NJ,JERSEY CITY,199968.00,Turnaround
CRAMER,CAMDEN,NJ,CAMDEN CITY,111495.00,Transformation
TRENTON CENTRAL HIGH,TRENTON,NJ,TRENTON,159639.00,Transformation
NEWARK VOCATIONAL H S,NEWARK,NJ,NEWARK,136924.00,Transformation
HENRY SNYDER,JERSEY CITY,NJ,JERSEY CITY,199315.00,Turnaround
ABRAHAM CLARK HIGH,ROSELLE,NJ,ROSELLE BOROUGH,160469.00,Transformation
CENTRAL,NEWARK,NJ,NEWARK,193035.00,Transformation
R. SARRACINO MIDDLE,SOCORRO,NM,SOCORRO CONSOLIDATED SCHOOLS,975000.00,Transformation
LAGUNA-ACOMA HIGH,NEW LAGUNA,NM,GRANTS-CIBOLA COUNTY SCHOOLS,15.00,Transformation
EL CAMINO REAL ACADEMY,ALBUQUERQUE,NM,ALBUQUERQUE PUBLIC SCHOOLS,11.00,Transformation
T'SIYA ELEMENTARY AND MIDDLE SCHOOL,ZIA PUEBLO,NM,T'SIYA ELEMENTARY AND MIDDLE SCHOOL,,Transformation
CROWNPOINT HIGH,CROWNPOINT,NM,GALLUP-MCKINLEY CTY SCHOOLS,2.00,Transformation
ERNIE PYLE MIDDLE,ALBUQUERQUE,NM,ALBUQUERQUE PUBLIC SCHOOLS,2.00,Transformation
ALAMO NAVAJO SCHOOL,MAGDALENA,NM,ALAMO NAVAJO SCHOOL,,Transformation
RAMIREZ THOMAS ELEM,SANTA FE,NM,SANTA FE PUBLIC SCHOOLS,125.00,Turnaround
NEWCOMB HIGH,NEWCOMB,NM,CENTRAL CONSOLIDATED SCHOOLS,15.00,Transformation
DIBE YAZHI HABLTI'N O'LT'A INC,CROWNPOINT,NM,DIBE YAZHI HABLTI'N O'LT'A INC,,Transformation
LYBROOK ELEMENTARY,CUBA,NM,JEMEZ MOUNTAIN PUBLIC SCHOOLS,500000.00,Transformation
NASCHITTI ELEMENTARY,SHEEP SPRINGS,NM,CENTRAL CONSOLIDATED SCHOOLS,500000.00,Transformation
OJO ENCINO DAY SCHOOL,CUBA,NM,OJO ENCINO DAY SCHOOL,,Transformation
ECHO LODER ELEMENTARY SCHOOL,RENO,NV,WASHOE COUNTY SCHOOL DISTRICT,424326.00,Transformation
RANCHO HIGH SCHOOL,NORTH LAS VEGAS,NV,CLARK COUNTY SCHOOL DISTRICT,100202.00,Transformation
WILLIAM O'BRIEN MIDDLE SCHOOL,RENO,NV,WASHOE COUNTY SCHOOL DISTRICT,494913.00,Transformation
KIT CARSON ELEMENTARY SCHOOL,LAS VEGAS,NV,CLARK COUNTY SCHOOL DISTRICT,763905.00,Turnaround
GLENN DUNCAN ELEMENTARY SCHOOL,RENO,NV,WASHOE COUNTY SCHOOL DISTRICT,505777.00,Turnaround
ARCHIE CLAYTON MIDDLE SCHOOL,RENO,NV,WASHOE COUNTY SCHOOL DISTRICT,477071.00,Transformation
VETERANS MEMORIAL ELEMENTARY SCHOOL,RENO,NV,WASHOE COUNTY SCHOOL DISTRICT,427337.00,Transformation
GEORGE L DILWORTH MIDDLE SCHOOL,SPARKS,NV,WASHOE COUNTY SCHOOL DISTRICT,576840.00,Transformation
EAGLE VALLEY MIDDLE SCHOOL,CARSON CITY,NV,CARSON CITY SCHOOL DISTRICT,654043.00,Transformation
SMITHRIDGE ELEMENTARY SCHOOL,RENO,NV,WASHOE COUNTY SCHOOL DISTRICT,567154.00,Turnaround
SOUTH PARK HIGH SCHOOL,BUFFALO,NY,BUFFALO CITY SCHOOL DISTRICT,2.00,Transformation
WILLIAM E GRADY VOCATIONAL HIGH SCHOOL,BROOKLYN,NY,NEW YORK CITY GEOGRAPHIC DISTRICT #21,136581.00,Transformation
LONG ISLAND CITY HIGH SCHOOL,LONG ISLAND CITY,NY,NEW YORK CITY GEOGRAPHIC DISTRICT #30,18.00,Transformation
ROOSEVELT HIGH SCHOOL,YONKERS,NY,YONKERS CITY SCHOOL DISTRICT,2.00,Transformation
Robert Brown High School of Construction and Design,Rochester,NY,Rochester City School District,178685.00,Turnaround
BREAD & ROSES INTEGRATED ARTS HIGH SCHOOL,NEW YORK,NY,NEW YORK CITY GEOGRAPHIC DISTRICT # 5,850510.00,Transformation
DELAWARE ELEMENTARY SCHOOL,SYRACUSE,NY,SYRACUSE CITY SCHOOL DISTRICT,2.00,Transformation
INTERNATIONAL SCHOOL,BUFFALO,NY,BUFFALO CITY SCHOOL DISTRICT,2.00,Transformation
FRANKLIN D ROOSEVELT HIGH SCHOOL,BROOKLYN,NY,NEW YORK CITY GEOGRAPHIC DISTRICT #20,18.00,Transformation
QUEENS VOCATIONAL AND TECHNICAL HIGH SCHOOL,LONG ISLAND CITY,NY,NEW YORK CITY GEOGRAPHIC DISTRICT #24,130051.00,Transformation
EMERSON MIDDLE SCHOOL,YONKERS,NY,YONKERS CITY SCHOOL DISTRICT,2.00,Turnaround
Vanguard Collegiate High School,Rochester,NY,Rochester City School District,122114.00,Turnaround
CHELSEA CAREER AND TECHNICAL EDUCATION HIGH SCHOOL,NEW YORK,NY,NEW YORK CITY GEOGRAPHIC DISTRICT # 2,959246.00,Transformation
GLOBAL MEDIA ARTS HS AT FRANKLIN,ROCHESTER,NY,ROCHESTER CITY SCHOOL DISTRICT,137761.00,Turnaround
DR MARTIN LUTHER KING JR MULTICULTURAL INSTITUTE,BUFFALO,NY,BUFFALO CITY SCHOOL DISTRICT,188422.00,Transformation
FLUSHING HIGH SCHOOL,FLUSHING,NY,NEW YORK CITY GEOGRAPHIC DISTRICT #25,18.00,Transformation
COBBLE HILL SCHOOL OF AMERICAN STUDIES,BROOKLYN,NY,NEW YORK CITY GEOGRAPHIC DISTRICT #15,994888.00,Transformation
HUGHES ELEMENTARY SCHOOL,SYRACUSE,NY,SYRACUSE CITY SCHOOL DISTRICT,2.00,Transformation
UNITY CENTER FOR URBAN TECHNOLOGIES,NEW YORK,NY,NEW YORK CITY GEOGRAPHIC DISTRICT # 2,757113.00,Transformation
EAST HIGH SCHOOL,ROCHESTER,NY,ROCHESTER CITY SCHOOL DISTRICT,19525.00,Transformation
BENNETT HIGH SCHOOL,BUFFALO,NY,BUFFALO CITY SCHOOL DISTRICT,2.00,Transformation
AUTOMOTIVE HIGH SCHOOL,BROOKLYN,NY,NEW YORK CITY GEOGRAPHIC DISTRICT #14,117372.00,Transformation
Rochester STEM High School,Rochester,NY,Rochester City School District,185579.00,Turnaround
SCHOOL FOR GLOBAL STUDIES,BROOKLYN,NY,NEW YORK CITY GEOGRAPHIC DISTRICT #15,890934.00,Transformation
GEORGE FOWLER HIGH SCHOOL,SYRACUSE,NY,SYRACUSE CITY SCHOOL DISTRICT,2.00,Transformation
WOODLAND HILLS SCHOOL,CLEVELAND,OH,CLEVELAND MUNICIPAL,723790.00,Turnaround
CRITTENTON COMMUNITY SCHOOL,COLUMBUS,OH,CRITTENTON COMMUNITY SCHOOL,246750.00,Transformation
EAST HIGH SCHOOL,YOUNGSTOWN,OH,YOUNGSTOWN CITY SCHOOLS,805793.00,Transformation
FRANKLIN D. ROOSEVELT,CLEVELAND,OH,CLEVELAND MUNICIPAL,725800.00,Turnaround
DUNBAR HIGH SCHOOL,DAYTON,OH,DAYTON CITY,350537.00,Transformation
GLENVILLE HIGH SCHOOL,CLEVELAND,OH,CLEVELAND MUNICIPAL,691110.00,Turnaround
WEST HIGH SCHOOL,COLUMBUS,OH,COLUMBUS CITY,948140.00,Transformation
WOODWARD CAREER TECHNICAL HIGH SCHOOL,CINCINNATI,OH,CINCINNATI CITY,2.00,Transformation
CHAMPION MIDDLE SCHOOL,COLUMBUS,OH,COLUMBUS CITY,104115.00,Transformation
ROTHENBERG PREPARATORY ACADEMY,CINCINNATI,OH,CINCINNATI CITY,949658.00,Transformation
KEIFER ALTERNATIVE CENTER,SPRINGFIELD,OH,SPRINGFIELD CITY,1657.00,Transformation
LINCOLN-WEST HIGH SCHOOL,CLEVELAND,OH,CLEVELAND MUNICIPAL,109111.00,Turnaround
BELMONT HIGH SCHOOL,DAYTON,OH,DAYTON CITY,350537.00,Transformation
EAST TECHNICAL HIGH SCHOOL,CLEVELAND,OH,CLEVELAND MUNICIPAL,109111.00,Turnaround
WEINLAND PARK ELEMENTARY SCHOOL,COLUMBUS,OH,COLUMBUS CITY,825100.00,Transformation
VIRTUAL HIGH SCHOOL,CINCINNATI,OH,CINCINNATI CITY,797726.00,Transformation
BELLEFAIRE,UNIVERSITY HTS,OH,CLEVELAND HEIGHTS-UNIVERSITY HEIGHTS CITY,712097.00,Transformation
GEORGE HAYS - JENNIE PORTER,CINCINNATI,OH,CINCINNATI CITY,108635.00,Transformation
PATRICK HENRY SCHOOL,CLEVELAND,OH,CLEVELAND MUNICIPAL,451750.00,Transformation
PROGRESSIVE ACADEMY,LIMA,OH,LIMA CITY,175685.00,Transformation
LUIS MUNOZ MARIN SCHOOL,CLEVELAND,OH,CLEVELAND MUNICIPAL,451750.00,Transformation
ALUM CREST HIGH SCHOOL,COLUMBUS,OH,COLUMBUS CITY,774900.00,Transformation
COLLINWOOD HIGH SCHOOL,CLEVELAND,OH,CLEVELAND MUNICIPAL,109111.00,Turnaround
SOUTHMOOR MIDDLE SCHOOL,COLUMBUS,OH,COLUMBUS CITY,1264.00,Transformation
WILLIAM H TAFT ELEMENTARY SCHOOL,CINCINNATI,OH,CINCINNATI CITY,100268.00,Transformation
MARTIN LUTHER KING JR CAREER CAMPUS,CLEVELAND,OH,CLEVELAND MUNICIPAL,584250.00,Transformation
SCHOLARTS PREPARATORY AND CAREER CENTER FOR CHILDR,COLUMBUS,OH,SCHOLARTS PREPARATORY AND CAREER CENTER FOR CHILDREN,500000.00,Transformation
ODYSSEY: SCHOOL OF POSSIBILITIES,YOUNGSTOWN,OH,YOUNGSTOWN CITY SCHOOLS,913139.00,Transformation
MARY B MARTIN SCHOOL,CLEVELAND,OH,CLEVELAND MUNICIPAL,723790.00,Turnaround
MEADOWDALE HIGH SCHOOL,DAYTON,OH,DAYTON CITY,350537.00,Transformation
JOHN F KENNEDY HIGH SCHOOL,CLEVELAND,OH,CLEVELAND MUNICIPAL,109111.00,Turnaround
WELCOME CENTER HIGH,COLUMBUS,OH,COLUMBUS CITY,1036.00,Transformation
CARL & LOUIS STOKES CENTRAL ACADEMY,CLEVELAND,OH,CLEVELAND MUNICIPAL,451750.00,Transformation
LINDEN-MCKINLEY HIGH SCHOOL,COLUMBUS,OH,COLUMBUS CITY,14775.00,Transformation
SOUTH AVONDALE ELEMENTARY SCHOOL,CINCINNATI,OH,CINCINNATI CITY,994001.00,Transformation
GILCREASE MS,TULSA,OK,TULSA,158356.00,Transformation
CLINTON MS,TULSA,OK,TULSA,113967.00,Transformation
F.D. MOON ACADEMY,OKLAHOMA CITY,OK,OKLAHOMA CITY,152716.00,Transformation
WILL ROGERS HS,TULSA,OK,TULSA,117124.00,Transformation
CENTRAL HS,TULSA,OK,TULSA,858523.00,Transformation
CRUTCHO PUBLIC SCHOOL,OKLAHOMA CITY,OK,CRUTCHO,973201.00,Transformation
NATHAN HALE HS,TULSA,OK,TULSA,103708.00,Transformation
DOUGLASS MS,OKLAHOMA CITY,OK,OKLAHOMA CITY,11395.00,Transformation
EAST CENTRAL HS,TULSA,OK,TULSA,107752.00,Transformation
U. S. GRANT HS,OKC,OK,OKLAHOMA CITY,173743.00,Turnaround
SPANISH-ENGLISH INTERNATIONAL SCHOOL,PORTLAND,OR,PORTLAND SD 1J,766667.00,Transformation
ONTARIO HIGH SCHOOL,ONTARIO,OR,ONTARIO SD 8C,11704.00,Transformation
HALLMAN ELEMENTARY SCHOOL,SALEM,OR,SALEM-KEIZER SD 24J,950000.00,Transformation
EAGLERIDGE HIGH SCHOOL,KLAMATH FALLS,OR,KLAMATH FALLS CITY SCHOOLS,617966.00,Transformation
MCKAY HIGH SCHOOL,SALEM,OR,SALEM-KEIZER SD 24J,19015.00,Transformation
ARTS COMMUNICATION & TECHNOLOGY SCHOOL,PORTLAND,OR,PORTLAND SD 1J,766667.00,Transformation
MADRAS HIGH SCHOOL,MADRAS,OR,JEFFERSON COUNTY SD 509J,118595.00,Transformation
ROBERTS HIGH SCHOOL,SALEM,OR,SALEM-KEIZER SD 24J,616667.00,Transformation
PURSUIT OF WELLNESS EDUCATION AT ROOSEVELT CAMPUS,PORTLAND,OR,PORTLAND SD 1J,119072.00,Transformation
OREGON CITY SERVICE LEARNING ACADEMY,OREGON CITY,OR,OREGON CITY SD 62,441740.00,Transformation
MARSHALL HIGH SCHOOL,BEND,OR,BEND-LAPINE ADMINISTRATIVE SD 1,747268.00,Transformation
EARLY COLLEGE HIGH SCHOOL,SALEM,OR,SALEM-KEIZER SD 24J,616667.00,Transformation
SAYRE WILLIAM L MS,PHILADELPHIA,PA,PHILADELPHIA CITY SD,737032.00,Transformation
CENTRAL DAUPHIN EAST SHS,HARRISBURG,PA,CENTRAL DAUPHIN SD,699963.00,Transformation
KING MARTIN LUTHER HS,PHILADELPHIA,PA,PHILADELPHIA CITY SD,786964.00,Transformation
DOUGLAS STEPHEN A SCH,PHILADELPHIA,PA,PHILADELPHIA CITY SD,319320.00,Restart
PARK LANE EL SCH,DARBY,PA,WILLIAM PENN SD,283200.00,Transformation
FRANCIS D RAUB MS,ALLENTOWN,PA,ALLENTOWN CITY SD,500000.00,Transformation
LOCKE ALAIN SCH,PHILADELPHIA,PA,PHILADELPHIA CITY SD,390938.00,Transformation
ALCORN JAMES SCH,PHILADELPHIA,PA,PHILADELPHIA CITY SD,338726.00,Transformation
STEELTON-HIGHSPIRE HS,STEELTON,PA,STEELTON-HIGHSPIRE SD,280500.00,Turnaround
PERSEUS HOUSE CS OF EXCELLENCE,ERIE,PA,PERSEUS HOUSE CS OF EXCELLENCE,686000.00,Transformation
GERMANTOWN HS,PHILADELPHIA,PA,PHILADELPHIA CITY SD,798792.00,Transformation
MOUNT UNION AREA SHS,MOUNT UNION,PA,MOUNT UNION AREA SD,848867.00,Transformation
ROONEY ARTHUR J MS,PITTSBURGH,PA,PITTSBURGH SD,208773.00,Closure
ROXBOROUGH HS,PHILADELPHIA,PA,PHILADELPHIA CITY SD,641440.00,Transformation
HAND MS,LANCASTER,PA,LANCASTER SD,551611.00,Turnaround
LANGLEY HS,PITTSBURGH,PA,PITTSBURGH SD,312714.00,Transformation
TREXLER MS,ALLENTOWN,PA,ALLENTOWN CITY SD,250000.00,Transformation
UNIVERSITY CITY HS,PHILADELPHIA,PA,PHILADELPHIA CITY SD,923999.00,Turnaround
SMEDLEY FRANKLIN SCH,PHILADELPHIA,PA,PHILADELPHIA CITY SD,362773.00,Restart
PENN WOOD HS - GREEN AVE CAMPUS,LANSDOWNE,PA,WILLIAM PENN SD,626150.00,Transformation
HARRISON-MORTON MS,ALLENTOWN,PA,ALLENTOWN CITY SD,350000.00,Transformation
WEST PHILADELPHIA HS,PHILADELPHIA,PA,PHILADELPHIA CITY SD,671142.00,Transformation
HARRITY WILLIAM F SCH,PHILADELPHIA,PA,PHILADELPHIA CITY SD,980283.00,Restart
ACADEMY PARK HS,SHARON HILL,PA,SOUTHEAST DELCO SD,958375.00,Transformation
WEST PHILA. ACHIEVEMENT CES,PHILADELPHIA,PA,WEST PHILA. ACHIEVEMENT CES,318875.00,Transformation
FRANKFORD HS,PHILADELPHIA,PA,PHILADELPHIA CITY SD,792001.00,Transformation
MCKEESPORT AREA SHS,MC KEESPORT,PA,MCKEESPORT AREA SD,112.00,Transformation
OLIVER HS,PITTSBURGH,PA,PITTSBURGH SD,542588.00,Transformation
VAUX ROBERTS HS,PHILADELPHIA,PA,PHILADELPHIA CITY SD,466665.00,Turnaround
CAREER TECHNOLOGY ACADEMY,HARRISBURG,PA,HARRISBURG CITY SD,300000.00,Closure
CLEMENTE ROBERTO MS,PHILADELPHIA,PA,PHILADELPHIA CITY SD,333327.00,Turnaround
FELS SAMUEL HS,PHILADELPHIA,PA,PHILADELPHIA CITY SD,974132.00,Transformation
LOUIS E DIERUFF HS,ALLENTOWN,PA,ALLENTOWN CITY SD,500000.00,Transformation
ALLEN DR ETHEL SCH,PHILADELPHIA,PA,PHILADELPHIA CITY SD,247020.00,Turnaround
FELTONVILLE INTERMEDIATE SCHOOL,PHILADELPHIA,PA,PHILADELPHIA CITY SD,244855.00,Transformation
PENN WOOD MS,DARBY,PA,WILLIAM PENN SD,287500.00,Transformation
CENTRAL EL SCH,ALLENTOWN,PA,ALLENTOWN CITY SD,650000.00,Transformation
SOUTH PHILADELPHIA HS,PHILADELPHIA,PA,PHILADELPHIA CITY SD,579958.00,Transformation
OLNEY HS WEST,PHILADELPHIA,PA,PHILADELPHIA CITY SD,272245.00,Transformation
BRASHEAR HS,PITTSBURGH,PA,PITTSBURGH SD,267754.00,Transformation
EDISON HS/FAREIRA SKILLS,PHILADELPHIA,PA,PHILADELPHIA CITY SD,1.00,Transformation
MCCASKEY CAMPUS,LANCASTER,PA,LANCASTER SD,616432.00,Transformation
WESTINGHOUSE HS,PITTSBURGH,PA,PITTSBURGH SD,606437.00,Transformation
STETSON JOHN B MS,PHILADELPHIA,PA,PHILADELPHIA CITY SD,888708.00,Restart
DUQUESNE CONSOLIDATED SCH,DUQUESNE,PA,DUQUESNE CITY SD,523313.00,Transformation
DAROFF SAMUEL SCH,PHILADELPHIA,PA,PHILADELPHIA CITY SD,658247.00,Restart
BLUFORD GUION EL SCH,PHILADELPHIA,PA,PHILADELPHIA CITY SD,907129.00,Restart
WILLIAM ALLEN HS,ALLENTOWN,PA,ALLENTOWN CITY SD,350000.00,Transformation
CLYMER GEORGE SCH,PHILADELPHIA,PA,PHILADELPHIA CITY SD,392068.00,Transformation
MANN WILLIAM B SCH,PHILADELPHIA,PA,PHILADELPHIA CITY SD,794021.00,Restart
TURKEYFOOT VALLEY AREA JSHS,CONFLUENCE,PA,TURKEYFOOT VALLEY AREA SD,286500.00,Transformation
PHILADELPHIA MONTESSORI CS,PHILADELPHIA,PA,PHILADELPHIA MONTESSORI CS,305763.00,Transformation
GRATZ SIMON HS,PHILADELPHIA,PA,PHILADELPHIA CITY SD,508486.00,Transformation
PENN HILLS SHS,PITTSBURGH,PA,PENN HILLS SD,109958.00,Transformation
KING M L EL SCH,PITTSBURGH,PA,PITTSBURGH SD,234233.00,Transformation
LINCOLN HS,PHILADELPHIA,PA,PHILADELPHIA CITY SD,14.00,Transformation
PERRY TRADITIONAL ACADEMY,PITTSBURGH,PA,PITTSBURGH SD,320412.00,Transformation
REYNOLDS MS,LANCASTER,PA,LANCASTER SD,531891.00,Transformation
CHARLOTTE WOODS ELEMENTARY SCHOOL,PROVIDENCE,RI,PROVIDENCE,,
LILLIAN FEINSTEIN ELEMENTARY SACKETT STREET,PROVIDENCE,RI,PROVIDENCE,,
ROGER WILLIAMS MIDDLE SCHOOL,PROVIDENCE,RI,PROVIDENCE,,
FEINSTEIN HIGH SCHOOL,PROVIDENCE,RI,PROVIDENCE,,
WILLIAM B. COOLEY/HEALTH AND SCIENCE TECH. ACADEMY,PROVIDENCE,RI,PROVIDENCE,,
CENTRAL FALLS SENIOR HIGH SCHOOL,CENTRAL FALLS,RI,CENTRAL FALLS,,
RIDGELAND MIDDLE,RIDGELAND,SC,JASPER 01,573338.00,Transformation
J V MARTIN JR HIGH,DILLON,SC,DILLON 02,908486.00,Transformation
DENMARK-OLAR MIDDLE,DENMARK,SC,BAMBERG 02,571626.00,Transformation
KINGSTREE JR HIGH,KINGSTREE,SC,WILLIAMSBURG 01,639839.00,Transformation
EAU CLAIRE HIGH,COLUMBIA,SC,RICHLAND 01,717125.00,Transformation
ESTILL HIGH,ESTILL,SC,HAMPTON 02,502925.00,Transformation
MANNING JUNIOR HIGH,MANNING,SC,CLARENDON 02,672451.00,Transformation
DENMARK OLAR HIGH,DENMARK,SC,BAMBERG 02,571626.00,Transformation
WHITLOCK JR HIGH,SPARTANBURG,SC,SPARTANBURG 07,254323.00,Closure
WEST LEE ELEM,REMBERT,SC,LEE 01,698507.00,Transformation
ESTILL MIDDLE,ESTILL,SC,HAMPTON 02,503608.00,Transformation
N CHARLESTON HIGH,NORTH CHARLESTON,SC,CHARLESTON 01,756937.00,Transformation
ALLENDALE-FAIRFAX MIDDLE,FAIRFAX,SC,ALLENDALE 01,449430.00,Transformation
CARVER JR HIGH,SPARTANBURG,SC,SPARTANBURG 07,126267.00,Transformation
HARDEEVILLE MIDDLE/HIGH,HARDEEVILLE,SC,JASPER 01,579145.00,Transformation
CAROLINA HIGH,GREENVILLE,SC,GREENVILLE 01,905959.00,Transformation
MORNINGSIDE MIDDLE,NORTH CHARLESTON,SC,CHARLESTON 01,712019.00,Transformation
FAIRFAX ELEM,FAIRFAX,SC,ALLENDALE 01,411971.00,Transformation
C A JOHNSON PREPATORY ACAD,COLUMBIA,SC,RICHLAND 01,717125.00,Transformation
SITTING BULL SCHOOL,LITTLE EAGLE,SD,SITTING BULL SCHOOL,,Transformation
FAMILY IMMERSION CENTER MIDDLE - 53,SIOUX FALLS,SD,SIOUX FALLS SCHOOL DISTRICT 49-5,168131.00,Turnaround
NEW UNDERWOOD HIGH SCHOOL - 01,NEW UNDERWOOD,SD,NEW UNDERWOOD SCHOOL DISTRICT 51-3,362759.00,Transformation
NORTHSIDE HIGH SCHOOL,MEMPHIS,TN,MEMPHIS CITY SCHOOL DISTRICT,267249.00,Turnaround
HAMILTON HIGH SCHOOL,MEMPHIS,TN,MEMPHIS CITY SCHOOL DISTRICT,274487.00,Transformation
HOWARD ACADEMY OF ACADEMICS TECHNOLOGY,CHATTANOOGA,TN,HAMILTON COUNTY SCHOOL DISTRCT,629999.00,Turnaround
TREZEVANT HIGH SCHOOL,MEMPHIS,TN,MEMPHIS CITY SCHOOL DISTRICT,306934.00,Transformation
FRAYSER MIDDLE/ HIGH SCHOOL,MEMPHIS,TN,MEMPHIS CITY SCHOOL DISTRICT,248250.00,Transformation
HIXSON HIGH SCHOOL,HIXSON,TN,HAMILTON COUNTY SCHOOL DISTRCT,620296.00,Transformation
SHEFFIELD HIGH SCHOOL,MEMPHIS,TN,MEMPHIS CITY SCHOOL DISTRICT,376370.00,Turnaround
MANASSAS HIGH SCHOOL,MEMPHIS,TN,MEMPHIS CITY SCHOOL DISTRICT,269863.00,Turnaround
MOUNT PLEASANT HIGH SCHOOL,MT PLEASANT,TN,MAURY COUNTY SCHOOL DISTRICT,736026.00,Transformation
RALEIGH EGYPT MIDDLE SCHOOL,MEMPHIS,TN,MEMPHIS CITY SCHOOL DISTRICT,103092.00,Turnaround
KINGSBURY MIDDLE/HIGH SCHOOL,MEMPHIS,TN,MEMPHIS CITY SCHOOL DISTRICT,259513.00,Transformation
AUSTIN EAST HIGH/MAGNET SCHOOL,KNOXVILLE,TN,KNOX COUNTY SCHOOL DISTRICT,905629.00,Turnaround
SUNSET H S,EL PASO,TX,EL PASO ISD,,Transformation
SOUTHWEST PREPARATORY SCHOOL-NORTHWEST,SAN ANTONIO,TX,SOUTHWEST PREPARATORY SCHOOL,,Transformation
NORTH FOREST H S,HOUSTON,TX,NORTH FOREST ISD,,Transformation
FRANKLIN D ROOSEVELT HIGH SCHOOL,DALLAS,TX,DALLAS ISD,,Transformation
JUAREZ-LINCOLN H S,LA JOYA,TX,LA JOYA ISD,,Transformation
JOHN H WOOD JR CS GRANBURY,GRANBURY,TX,JOHN H WOOD JR PUBLIC CHARTER DISTRICT,,Transformation
REAGAN H S,AUSTIN,TX,AUSTIN ISD,,Transformation
SENTRY TECHNOLOGY PREP SCH,BROWNSVILLE,TX,ONE STOP MULTISERVICE CHARTER SCHOOL,,Transformation
LEE H S,HOUSTON,TX,HOUSTON ISD,,Transformation
GEORGE I SANCHEZ CHARTER H S SAN ANTONIO BRANCH,SAN ANTONIO,TX,GEORGE I SANCHEZ CHARTER HS SAN ANTONIO BRANCH,,Transformation
FLORESVILLE CHOICE PROGRAM,FLORESVILLE,TX,FLORESVILLE ISD,,Turnaround
MID-VALLEY ACADEMY,MERCEDES,TX,MID-VALLEY ACADEMY,,Transformation
PROFIT MAGNET HIGH SCHOOL,VICTORIA,TX,VICTORIA ISD,,Transformation
SOUTHWEST PREPARATORY SOUTHEAST CAMPUS,SAN ANTONIO,TX,SOUTHWEST PREPARATORY SCHOOL,,Transformation
MERCEDES ACADEMIC ACADEMY,MERCEDES,TX,MERCEDES ISD,,Transformation
STARR ACADEMY,BOYS RANCH,TX,BOYS RANCH ISD,,Transformation
JOHN H WOOD JR CHARTER SCHOOL AT AFTON OAKS,SAN ANTONIO,TX,JOHN H WOOD JR PUBLIC CHARTER DISTRICT,,Transformation
H M KING HIGH SCHOOL,KINGSVILLE,TX,KINGSVILLE ISD,,Transformation
ALICE H S,ALICE,TX,ALICE ISD,,Transformation
ONE STOP MULTISERVICE,WESLACO,TX,ONE STOP MULTISERVICE CHARTER SCHOOL,,Transformation
KASHMERE H S,HOUSTON,TX,HOUSTON ISD,,Transformation
SOUTH PLAINS ACADEMY,LUBBOCK,TX,SOUTH PLAINS,,Transformation
TELLES ACADEMY,EL PASO,TX,EL PASO ISD,,Transformation
PASO DEL NORTE ACADEMY,EL PASO,TX,PASO DEL NORTE,,Transformation
HOUSTON H S,SAN ANTONIO,TX,SAN ANTONIO ISD,,Transformation
JUVENILE DETENTION CTR,EDINBURG,TX,EDINBURG CISD,,Transformation
SOUTHWEST PREPARATORY SCHOOL,SAN ANTONIO,TX,SOUTHWEST PREPARATORY SCHOOL,,Transformation
ESTACADO H S,LUBBOCK,TX,LUBBOCK ISD,,Transformation
PAUL A BROWN ALTERNATIVE CENTER,BEAUMONT,TX,BEAUMONT ISD,,Transformation
RAVEN SCHOOL,NEW WAVERLY,TX,RAVEN SCHOOL,,Transformation
NEW ASPIRATIONS,HOUSTON,TX,HOUSTON ISD,,Transformation
AZLEWAY CHARTER SCHOOL PINE MOUNTAIN,PALESTINE,TX,AZLEWAY CHARTER SCHOOL,,Turnaround
GEORGE I SANCHEZ H S,HOUSTON,TX,GEORGE I SANCHEZ CHARTER,,Transformation
JONES H S,HOUSTON,TX,HOUSTON ISD,,Transformation
MID-VALLEY ACADEMY (9-12),SAN BENITO,TX,MID-VALLEY ACADEMY,,Transformation
SCHOOL-AGE PARENT CTR,EL PASO,TX,EL PASO ISD,,Transformation
FOCUS LEARNING ACADEMY,DALLAS,TX,FOCUS LEARNING ACADEMY,,Transformation
FOX TECHNICAL H S,SAN ANTONIO,TX,SAN ANTONIO ISD,,Transformation
H GRADY SPRUCE H S,DALLAS,TX,DALLAS ISD,,Transformation
POSITIVE SOLUTIONS CHARTER,SAN ANTONIO,TX,POSITIVE SOLUTIONS CHARTER SCHOOL,,Transformation
LA JOYA PALMVIEW H S,LA JOYA,TX,LA JOYA ISD,,Transformation
TRAVIS H S,AUSTIN,TX,AUSTIN ISD,,Transformation
CHILDREN OF THE SUN,RIO GRANDE CITY,TX,ONE STOP MULTISERVICE CHARTER SCHOOL,,Transformation
SHARPSTOWN H S,HOUSTON,TX,HOUSTON ISD,,Transformation
AZLEWAY CHARTER SCHOOL,TYLER,TX,AZLEWAY CHARTER SCHOOL,,Transformation
ACADEMY HIGH SCHOOL,BUDA,TX,HAYS CISD,,Transformation
CONTEMPORARY LRN CTR H S,HOUSTON,TX,HOUSTON ISD,,Transformation
MID-VALLEY ACADEMY-MCALLEN,MCALLEN,TX,MID-VALLEY ACADEMY,,Transformation
ODYSSEY ELEMENTARY,OGDEN,UT,OGDEN DISTRICT,549444.00,Transformation
BLUFF SCHOOL,BLUFF,UT,SAN JUAN DISTRICT,278779.00,Transformation
JAMES MADISON ELEMENTARY,OGDEN,UT,OGDEN DISTRICT,549444.00,Transformation
NORTHWEST MIDDLE,SALT LAKE CITY,UT,SALT LAKE DISTRICT,806790.00,Transformation
DEE SCHOOL,OGDEN,UT,OGDEN DISTRICT,549444.00,Transformation
GLENDALE MIDDLE,SALT LAKE CITY,UT,SALT LAKE DISTRICT,806790.00,Transformation
GRANGER HIGH,WEST VALLEY CITY,UT,GRANITE DISTRICT,710934.00,Transformation
FRED D. THOMPSON MIDDLE,RICHMOND,VA,RICHMOND CITY PBLC SCHS,501500.00,Transformation
LAKE TAYLOR MIDDLE,NORFOLK,VA,NORFOLK CITY PBLC SCHS,135251.00,Transformation
FRIES MIDDLE,FRIES,VA,GRAYSON CO PBLC SCHS,500000.00,Transformation
T.C. WILLIAMS HIGH,ALEXANDRIA,VA,ALEXANDRIA CITY PBLC SCHS,2.00,Transformation
WESTSIDE ELEM.,ROANOKE,VA,ROANOKE CITY PBLC SCHS,580100.00,Transformation
PRINCE EDWARD COUNTY HIGH,FARMVILLE,VA,PRINCE EDWARD CO PBLC SCHS,499586.00,Transformation
CENTRAL HIGH,KING AND QUEEN C H,VA,KING AND QUEEN CO PBLC SCHS,685661.00,Transformation
LANGSTON FOCUS SCHOOL,DANVILLE,VA,DANVILLE CITY PBLC SCHS,946198.00,Restart
ARMSTRONG HIGH,RICHMOND,VA,RICHMOND CITY PBLC SCHS,859600.00,Restart
PEABODY MIDDLE,PETERSBURG,VA,PETERSBURG CITY PBLC SCHS,460723.00,Transformation
NEW BRIDGE SCHOOL,RICHMOND,VA,HENRICO CO PBLC SCHS,50000.00,Closure
COLONIAL BEACH HIGH,COLONIAL BEACH,VA,COLONIAL BEACH PBLC SCHS,571500.00,Transformation
ELLEN W. CHAMBLISS ELEM.,WAKEFIELD,VA,SUSSEX CO PBLC SCHS,400000.00,Restart
THOMAS C. BOUSHALL MIDDLE,RICHMOND,VA,RICHMOND CITY PBLC SCHS,613340.00,Restart
RUFFNER MIDDLE,NORFOLK,VA,NORFOLK CITY PBLC SCHS,135542.00,Transformation
VA. RANDOLPH COMM. HIGH,GLEN ALLEN,VA,HENRICO CO PBLC SCHS,50000.00,Closure
JAMES S. RUSSELL MIDDLE,LAWRENCEVILLE,VA,BRUNSWICK CO PBLC SCHS,490820.00,Transformation
SUSSEX CENTRAL MIDDLE,SUSSEX,VA,SUSSEX CO PBLC SCHS,529167.00,Restart
MOUNT ABRAHAM UHSD #28,BRISTOL,VT,MOUNT ABRAHAM UHSD #28,230110.00,Transformation
NORTHFIELD ELEMENTARY SCHOOL,NORTHFIELD,VT,NORTHFIELD SCHOOL DISTRICT,215600.00,Transformation
H. O. WHEELER SCHOOL,BURLINGTON,VT,BURLINGTON SCHOOL DISTRICT,368200.00,Transformation
LAMOILLE UHSD #18,HYDE PARK,VT,LAMOILLE UHSD #18,242458.00,Transformation
WINOOSKI HIGH SCHOOL,WINOOSKI,VT,WINOOSKI SCHOOL DISTRICT,166477.00,Transformation
ST. JOHNSBURY SCHOOL,ST JOHNSBURY,VT,SAINT JOHNSBURY SCHOOL DISTRICT,380045.00,Transformation
JOHNSON ELEMENTARY SCHOOL,JOHNSON,VT,JOHNSON SCHOOL DISTRICT,192559.00,Transformation
WINDSOR HIGH SCHOOL,WINDSOR,VT,WINDSOR SCHOOL DISTRICT,257889.00,Transformation
RUTLAND SENIOR HIGH SCHOOL,RUTLAND,VT,RUTLAND CITY SCHOOL DISTRICT,382364.00,Transformation
FAIR HAVEN UHSD #16,FAIR HAVEN,VT,FAIR HAVEN UHSD #16,314781.00,Transformation
STEWART,TACOMA,WA,TACOMA SCHOOL DISTRICT,152512.00,Turnaround
SUNNYSIDE HIGH SCHOOL,SUNNYSIDE,WA,SUNNYSIDE SCHOOL DISTRICT,162541.00,Transformation
TULALIP ELEMENTARY,MARYSVILLE,WA,MARYSVILLE SCHOOL DISTRICT,734480.00,Turnaround
CASCADE MIDDLE SCHOOL,SEATTLE,WA,HIGHLINE SCHOOL DISTRICT,730000.00,Transformation
ADAMS ELEMENTARY SCHOOL,YAKIMA,WA,YAKIMA SCHOOL DISTRICT,116293.00,Transformation
HAWTHORNE ELEMENTARY SCHOOL,SEATTLE,WA,SEATTLE PUBLIC SCHOOLS,533531.00,Transformation
MARYSVILLE MIDDLE SCHOOL,MARYSVILLE,WA,MARYSVILLE SCHOOL DISTRICT,109526.00,Transformation
GRANDVIEW MIDDLE SCHOOL,GRANDVIEW,WA,GRANDVIEW SCHOOL DISTRICT,1055.00,Transformation
WELLPINIT ELEMENTARY SCHOOL,WELLPINIT,WA,WELLPINIT SCHOOL DISTRICT,178996.00,Transformation
JASON LEE,TACOMA,WA,TACOMA SCHOOL DISTRICT,100573.00,Transformation
HIGH POINT ELEMENTARY SCHOOL,SEATTLE,WA,SEATTLE PUBLIC SCHOOLS,452925.00,Transformation
MONTICELLO MIDDLE SCHOOL,LONGVIEW,WA,LONGVIEW SCHOOL DISTRICT,515546.00,Transformation
STANTON ALTERNATIVE SCHOOL,YAKIMA,WA,YAKIMA SCHOOL DISTRICT,945312.00,Transformation
ANGELO GIAUDRONE MIDDLE SCHOOL,TACOMA,WA,TACOMA SCHOOL DISTRICT,138656.00,Turnaround
HUNT,TACOMA,WA,TACOMA SCHOOL DISTRICT,95320.00,Closure
CLEVELAND HIGH SCHOOL,SEATTLE,WA,SEATTLE PUBLIC SCHOOLS,756677.00,Transformation
CHINOOK MIDDLE SCHOOL,SEATAC,WA,HIGHLINE SCHOOL DISTRICT,730000.00,Transformation
WASHINGTON MIDDLE SCHOOL,YAKIMA,WA,YAKIMA SCHOOL DISTRICT,115268.00,Transformation
FOSTER & WILLIAMS HIGH SCHOOL OF THE VISUAL ARTS,MILWAUKEE,WI,MILWAUKEE SCHOOL DISTRICT,5000.00,Closure
DUBOIS HIGH,MILWAUKEE,WI,MILWAUKEE SCHOOL DISTRICT,5000.00,Closure
CUSTER HIGH,MILWAUKEE,WI,MILWAUKEE SCHOOL DISTRICT,650093.00,Restart
JAMES MADISON ACADEMIC CAMPUS,MILWAUKEE,WI,MILWAUKEE SCHOOL DISTRICT,749320.00,Transformation
VINCENT HIGH,MILWAUKEE,WI,MILWAUKEE SCHOOL DISTRICT,928024.00,Transformation
BAY VIEW HIGH,MILWAUKEE,WI,MILWAUKEE SCHOOL DISTRICT,134909.00,Transformation
DOWNTOWN INSTITUTE OF ARTS & LETTERS (DIAL),MILWAUKEE,WI,MILWAUKEE SCHOOL DISTRICT,5000.00,Closure
SOUTH DIVISION HIGH,MILWAUKEE,WI,MILWAUKEE SCHOOL DISTRICT,124643.00,Transformation
MILWAUKEE AFRICAN AMERICAN IMMERSION HIGH,MILWAUKEE,WI,MILWAUKEE SCHOOL DISTRICT,567905.00,Restart
WHS LAW EDUCATION & PUBLIC SERVICE,MILWAUKEE,WI,MILWAUKEE SCHOOL DISTRICT,5000.00,Closure
BRADLEY TECHNOLOGY HIGH,MILWAUKEE,WI,MILWAUKEE SCHOOL DISTRICT,1202.00,Transformation
HAMLIN PK-8,HAMLIN,WV,LINCOLN COUNTY SCHOOLS,258600.00,Transformation
RIVERSIDE HIGH SCHOOL,BELLE,WV,KANAWHA COUNTY SCHOOLS,481900.00,Transformation
DODDRIDGE COUNTY ELEMENTARY SCHOOL,WEST UNION,WV,DODDRIDGE COUNTY SCHOOLS,464200.00,Transformation
MOUNT VIEW HIGH SCHOOL,WELCH,WV,MCDOWELL COUNTY SCHOOLS,450000.00,Transformation
WEST HAMLIN ELEMENTARY,WEST HAMLIN,WV,LINCOLN COUNTY SCHOOLS,156660.00,Transformation
MALDEN ELEMENTARY SCHOOL,CHARLESTON,WV,KANAWHA COUNTY SCHOOLS,217598.00,Transformation
MARTINSBURG NORTH MIDDLE SCHOOL,MARTINSBURG,WV,BERKELEY COUNTY SCHOOLS,461690.00,Transformation
SANDY RIVER MIDDLE SCHOOL,AVONDALE,WV,MCDOWELL COUNTY SCHOOLS,370000.00,Transformation
STONEWALL JACKSON MIDDLE SCHOOL,CHARLESTON,WV,KANAWHA COUNTY SCHOOLS,241211.00,Transformation
EAST BANK MIDDLE SCHOOL,EAST BANK,WV,KANAWHA COUNTY SCHOOLS,314618.00,Transformation
FRANKLIN ELEMENTARY CENTER,PARKERSBURG,WV,WOOD COUNTY SCHOOLS,389906.00,Transformation
GUYAN VALLEY MIDDLE,BRANCHLAND,WV,LINCOLN COUNTY SCHOOLS,341250.00,Transformation
CEDAR GROVE MIDDLE SCHOOL,CEDAR GROVE,WV,KANAWHA COUNTY SCHOOLS,211271.00,Transformation
MOUNT HOPE HIGH SCHOOL,MOUNT HOPE,WV,FAYETTE COUNTY SCHOOLS,342189.00,Transformation
GEARY ELEMENTARY SCHOOL,LEFT HAND,WV,ROANE COUNTY SCHOOLS,260000.00,Transformation
TRIUMPH HIGH SCHOOL,CHEYENNE,WY,LARAMIE COUNTY SCHOOL DISTRICT #1,297300.00,Transformation
HEM JUNIOR/SENIOR HIGH SCHOOL,HANNA,WY,CARBON COUNTY SCHOOL DISTRICT #2,274000.00,Transformation
ROOSEVELT HIGH SCHOOL,CASPER,WY,NATRONA COUNTY SCHOOL DISTRICT #1,431382.00,Transformation
